ID,Target
1,Premiere-Play
2,Home-Play
3,QuickTimeMediaPlayer
4,Plan-Plan
5,Security-Disable
6,VideoPlay
7,Movie-Play
8,ListenFilter-Player
9,Time-Query
10,Camera-Play
11,Travel-Planning
12,Listen
13,Transport
14,VideoLook
15,Listener-Listener-Listener
16,TaskManager
17,Sound-Play
18,Radar-Widget.Net
19,Widget-Player
20,MediaPublishing-News
21,VideoPlayer
22,Video-Play
23,Report-Query
24,Weather-Editor
25,Photo-Image-Feed.WebArt
26,Chat-Player
27,VideoStreamReport-Listen
28,Music-Play
29,Listen-Play
30,Travel-Order
31,VideoPlayer
32,Artist-Play-Play
33,SoundPlayer
34,Video-Listen
35,Clip-Play-Audition
36,Video-Play
37,VideoStream-Play
38,Film-Collection
39,File-Stream
40,Services
41,Data-Query
42,Listener-Listening
43,Temperature-Check
44,AlbumDownload
45,Play
46,Check-Event
47,Log-Update.exe
48,PortalModel
49,Justice-juvenient
50,Widget-Server
51,TravelDriver-Query
52,FilmStudio-Edit-Writer
53,Weather-Query
54,PlayStreamHD
55,VideoDirectPlus-Download
56,Convert
57,AudioJam
58,TransportDatabase
59,SWFPlayerMixtape
60,Weather.Calculator.Query
61,Weather-Query
62,ScreenPlay
63,Document-Play
64,ImagePlayer
65,Show-time
66,NewsRadio-Sound
67,History-Watch
68,ReportService.Query
69,StreamPlay
70,MediaStream
71,Music-Play
72,MenuQuery
73,WorldActionBarg-WorldPlay
74,Listen-Listen
75,Event-Listen
76,Audio-Play
77,TelevisionQuery
78,App-Play-Service-Add-Content-Download
79,Watch-Play
80,Face-Beauty-Program-Toolkit
81,ImagePlay
82,Flight-Study
83,SoundMix
84,QuickAccess
85,Player-Update
86,Image-Print
87,Driver-Query
88,Map-Date
89,Appendix
90,Audio-Play
91,TravelLocation.MapToolkit
92,TimeCalendar
93,VideoPlay
94,Player-Play
95,Music-Play
96,Report
97,DateQuery
98,StudioReplay-Assist
99,Audition-Play
100,WCM.Loop
101,Search-Query-Query-Query
102,Video-Picture
103,MIDI-Play
104,Video-Play
105,Video-Player
106,Clock-Set
107,SpyPlay
108,RadioTVChannelSearch
109,Weather-Predict
110,Weather-Query
111,Listen
112,AudioVideoLibrary-Listen
113,Quick-Start-Food
114,Log-In
115,Player-Open
116,Report
117,SWF-MediaPlayer
118,VideoPlay
119,Mathematica
120,Movie-Play
121,ShowReport
122,Image-Drop-Delete
123,Timer-Listen
124,Audio-Play
125,Radio-Listen-Radio
126,Access-Request
127,Travel-Query
128,Story-Play
129,GlobalRadioUpdate
130,Video-Play
131,Date-Query
132,Video-Replay
133,Services-Manager
134,Sound-Play-Album-Play
135,MoviePlayerListen
136,ImageRelocation
137,Weather-Query
138,ListenAudioAudio-Play
139,Divilater
140,Report-Player
141,FlightQueryMail
142,Player-Play
143,Video-Play
144,Timer
145,VideoPlayer-Play
146,DateQuery
147,HomeSmart-Play
148,SocialBar-Play
149,Social-Media-Animation
150,Remote-Response-ActivityTool-Call
151,News-News-Report-Show-Journal
152,WeatherQuery
153,AudioPlay
154,TaskControl-Tool
155,Media-Play-Query
156,DateCheckTool
157,Player-Play
158,File-Play
159,Video-Play
160,Document-Query
161,Apps-Play
162,SoftwareUpdate
163,Video-News
164,Film-Play
165,SleepManager
166,RadioNews.Listen
167,Cinema-Play-Program-Play
168,Listen-Play
169,TravelLook
170,LocalQuery-Query
171,Create-Listen
172,Widget.Check
173,MediaPlayer
174,FilePrint
175,Mobile-Service-Link-Update-Message
176,Weather-Watch
177,DateSearch
178,Rootkit-Autostart
179,ClockUpdate
180,VideoPlay
181,MenuMenuEdit
182,TimerImage
183,Flight-Print
184,RemoteSetInfo
185,MediaPlayer-Player-Listen-Video
186,Cook-Modes
187,ShoppingShopping-Play
188,ListenPlay
189,LibraryTools
190,TimeDate
191,Premiere-Play
192,Video-Play-Query
193,Poll
194,VideoPlayPlay
195,AirportPlanCheck
196,CA-Query
197,LRC-Play
198,MediaPlayer-Video-Play
199,HomeMonitor-Control-Control-Control
200,QuickTimeApplication
201,Video-Play
202,Research-Query
203,ListenRadio.exe
204,Document-Play-Play
205,Self-Search
206,Social
207,ComedyPlay
208,Radio-Play.Net
209,PlayingImage
210,TravelQuery
211,UpdateInformation
212,Broadcast-Play
213,Listener-Multi-Listen
214,Utility-Run
215,Radio-Stream
216,Online-Banking-Management
217,WallLightControls
218,Image-Match
219,Travel-Assisted
220,Reporting
221,WeatherTools
222,Car_NavQuery
223,Listen-Play
224,Audio-Listen
225,DateQuery
226,MusicArtist-Play
227,SpyQuery
228,RadioAccess-Listen
229,MediaPlayerVideo-Play
230,MultiVideo-Play
231,Audio-Play
232,Travel-Find
233,Editorial-Talk
234,Radio-Listen
235,Clock-Control
236,VideoRipPlay
237,Play-Play
238,RSS-Feed
239,ClockSchuffle.exe
240,Listen-Listen
241,ClockWizard
242,ImageAppliance
243,WeatherQuery
244,Video-Play
245,Film-Play
246,Link-Play.Open-Box
247,News-Video
248,VideoLink
249,Query
250,ListenAudio-Play
251,MovieRip-Play
252,HttpRequest
253,Edit-Maker
254,TravelDesk
255,RadioRemote-ListenAppliance-Play
256,LocalQuery
257,Info-Library-View-Access
258,ClockAsyncTools
259,- Update-Info
260,MediaPlayer-Play
261,LocalSearch
262,Library-Play
263,Audio-Play
264,Video-Play
265,Motion PictureDownload
266,MultiLocator
267,ReportVideo
268,AudioPlayActionScript
269,RobotBot-Manager
270,QueryQuery
271,ClockWidget
272,Video-Play
273,Audio-Listen
274,GPS-Locator
275,SWF-Play
276,Automation-Setup
277,TimerWidget-Render-Hook
278,Weather-Update
279,DesktopUpdateToolKit
280,MusicRadioPlayer
281,Artist-Play
282,Video-Play
283,RouteQuery
284,DivixShowBox
285,WeatherSensor.Info
286,FilmReportr
287,SWF-Play
288,Film-Review
289,Weather-Date
290,Weather-Query
291,StreamPlayViewer
292,Timer-Editor-Create
293,Album-Play
294,SportsPlayerUpdate_播放
295,Media-Advertisement-Media-Design-Media-Trade-Events.
296,MediaPlayerImagePlay
297,Video-Play
298,Video-Download
299,Search
300,Automation-Tools
301,News-Reader
302,WeatherSensor
303,Premiere-Play
304,Widget-Make
305,TaskMonitor
306,Movie-Play
307,Builance-Check-LastError
308,TeleService.async
309,Context-Library
310,VideoPlayer
311,Listen-Player
312,Weather-Info
313,Audio-Play
314,VideoPlayer
315,Network-Settings.Query
316,WeatherTools-Report
317,Agent-Security-Security-Query
318,AdvanceGuide
319,TravelTicker
320,Broadcastsearch
321,Audio-Play
322,PlayerManager
323,Weather-Guide
324,AudioImage-Play
325,News-UpdateProvider-Download
326,Social-Media
327,SecuritySafeApplications
328,Video-Play
329,BrowserWebBrowser-Load
330,NewsQuery
331,Audince-Query
332,Global-InfoShow.as
333,Widget-Search
334,MovieDownloadEventUpdate
335,Window-Edit
336,PictBridgeImageEditor
337,AudioPlay-Filter
338,VideoPlayer-Play
339,Audio-Play-Listen
340,Screenplay
341,Audio-Play
342,VideoPlayer-播放
343,UpdateNews-News
344,Audio-Listen
345,Date-Query
346,Automation-Events-Automation.ini
347,FilmPlay
348,MediaControl-Play
349,Date-Monitor-Query
350,MediaPlayer-Send-Listen
351,Widget
352,Media-Play
353,Media-Play
354,- VideoPlay
355,Call-Push
356,Weather-Query
357,Conservation-Play
358,Video-Player-Library-Download
359,Framework-Query
360,Date-Query
361,RadioRadioQuery
362,Client-Server
363,TravelTransportManager
364,Sound-Player
365,MP4Music-Search
366,Television-Study-Education
367,RadioListen
368,Reader-Play
369,Listen-Listen
370,ProgramPlay-Studio-Audio
371,Weather.Predict
372,Image-Play
373,MoviePlayer
374,"RadioMusicMix,Audio-Listen"
375,Picture-Maker
376,Broadcast-RSS-Feed
377,Widget-Lock-Application
378,Audito
379,WeatherReport
380,Transport-Query
381,Railway-Query-Query
382,RadioListen
383,JetpilotEngine
384,WidgetsView
385,MusicVideo-Play
386,Project-Update
387,Weather
388,Audio-Video
389,ListenRadio-Listen
390,ScriptViewer
391,Download
392,ReportFlightQuery
393,VideoDownload
394,Apply
395,Television-Show
396,Video-Play
397,SWF
398,Weather-Update
399,Weather-Advisor
400,GameQuery
401,Broadcast-Services
402,Widget-Engine
403,LibraryStore-AudioLibrary
404,UpdateNow
405,Research
406,PremierePlay
407,AudioLibrarySoftware
408,Camera-Data-Update
409,Weather-Query
410,VideoAlbumLoad
411,Audio-Play
412,Studio-Play
413,WidgetIntegration-Services-Network-Services-Integration-Services
414,Query
415,Widget-Predict
416,ConsumerCall
417,Event-Timer
418,TaskBuilder
419,RSSQuery_Update
420,Video-Copy
421,Player
422,RemotePlay-Player
423,DateQuery
424,VideoFilmDownload
425,RadioListen
426,AlbumPlayer
427,RadioListen
428,RadioReport-Studio-Play
429,Artist-Music-Play
430,RemotePlaying
431,ClockMenu
432,Dialog-Query
433,Travel-Manager-Query
434,Design-Home-Play
435,Music-Play
436,Broadcast-Editor-Apply
437,Statistics-Query
438,WeatherPrediction
439,Info-Query
440,TimeTable
441,Listen
442,MediaAudition
443,MediaPlayer-Player-Screen-Play
444,ClockClock
445,WeatherTracker
446,MediaContentProvider-Streaming-Movie
447,Timer-Timer-Timer
448,VideoCamera-Sensor-Update
449,AudioPlay
450,ShowMusic-Listen
451,Listen
452,CallManager-Query
453,Radio-Play.Radio-Listen
454,NewsQuery-Editor
455,VideoPlay.Play
456,News-Radio-Premiere
457,Widget-Search
458,Radio-Mix-Listen
459,MovieView
460,TrafficQueryQuery
461,Map-Query
462,Parameter-Query
463,Weather-MapViewer
464,Play
465,Query-Query
466,StreamStream
467,Animation-Play-Play
468,ListenMusic
469,Video-Play
470,MediaFilm-Look
471,Audio
472,Widget-Date
473,Instagram-Social-Media-Play
474,-EventsEvent-Info
475,Clock-Design-Timer
476,Image-Link
477,Music-Download
478,Music-Play
479,MediaPlayer
480,Sleep-Sleep
481,QuickTime
482,Screen-Play
483,FilmPlay
484,LampStart
485,UserControl
486,Player-Play
487,Video-Play
488,Streaming
489,TravelQuery
490,PictBridge
491,TimerServiceUpdate
492,SportMonitor
493,Chat-Talk
494,Info-Query
495,FootballTime-Play
496,Broadcast-Listen
497,RemoteControl-Manager-Query-Play
498,Play-Play
499,SocialGames
500,Football-View
501,Video-Play
502,Control-Query
503,Playable-Director
504,Text-TextAction
505,MediaScript.Print
506,QueryQuery
507,Audio-Play
508,Media-Query
509,MusicVideo-Download
510,Journal-Ranking
511,Weather-Info-Broadcast-Transfer
512,MusicMusic-Play
513,RadioQuery
514,Player-Release
515,Config-Boost-Control-Version-Update
516,Music-Play
517,Weather-Measurement
518,News-Track
519,MovieViewer
520,Services-BroadcastingPlay
521,SoundPlayer
522,Spotify
523,Radio-Listen
524,DocumentStream
525,Weather-Widget
526,RadioClock-Query
527,Document-Library
528,TemperatureControlImageView
529,-Play(Music-Play-Stream-Play)
530,Job-Tracker
531,Listen-Listen
532,Query-Query
533,Player-Play
534,Travel-Info
535,Video-Audio
536,VideoPlay
537,Solar-Link
538,ComicsFactory
539,Social-Friend-Wantr
540,Weather-Predicted.Query
541,RadioPlay-Play
542,StudioShowModel
543,ListenPlayer
544,Weather-Query
545,Audition-Read
546,RemotePlay
547,Query-Start
548,Listen-Listen
549,Time-Query
550,Meeting
551,CheckQuery
552,TravelAdvised
553,Audio-Play
554,PlayerServices
555,ListenRadio-Listen
556,Video-Player
557,-Action
558,ImageShow-Play
559,TemperatureControl
560,TrainQuery
561,PMP-Video-Video
562,StartUpShow-Load
563,Timers-Settings
564,Workshop-Query
565,MusicRelease-Listen
566,Automation-Play
567,VideoPlayerActionFirePlayer
568,SoundPlayer-Download
569,Query.Find
570,Flight-Query
571,Library-Play
572,StudioTime-Measurement
573,Audio-Streaming
574,Video-Player-Viewer
575,Task-Server-Model
576,VideoEdit-Play
577,Timer-Set
578,DocumentView
579,DatePicker
580,MediaPlayer-Play-Play
581,Date-Query-Last-Information-Query
582,Listen
583,Video-Play-Play
584,SendQuery
585,Video-EditService
586,AudioListen
587,SnapCheck
588,Video-Play
589,DiscoveryBroadcast
590,Client-Service-Service-Services-Service
591,Video-Play-Video
592,LibraryPlayer:QuickViewMultimedia-Play
593,Timer-Guide
594,DatabaseModel
595,Widget-Show
596,Update-Update
597,Report-Media-Feed
598,TelevisionVideo
599,Video-Clip-View
600,AudioLibrary
601,Widget-Based-Service-Query
602,Query
603,Driver
604,Query.TravelLink
605,Services-Query
606,Global-Query
607,AudioMediaPlayer-Player
608,FilePlay
609,HomeCooker
610,MPEG-Stream-File-Play
611,WindowLoad-Monitor-Report
612,Audio-Listen
613,StudioVideoRender.ScreenPlay
614,Remote-Control
615,TimeMap
616,DateQuery
617,Video-Play
618,Library-Design
619,Radio-Player-Listen
620,Local-Weather-Update
621,Transport.Date
622,Music-Play
623,Studio-Video-Play
624,LogView
625,RadioListener
626,Maptool-Search
627,Media-Play
628,Global-Library
629,PrintImageEditor.Download
630,Story-Film
631,QueryStringReport-Timer
632,Satellit-Listen
633,PlayVideoView
634,LookOut
635,Media-Play
636,Screenplay-Play
637,Weather-Query
638,MediaPlayer-Play
639,MPEG-Audio.aspx
640,WidgetQuery
641,WeatherGuard
642,Broadcast-Listen-Program-Play
643,BrowserVideoEdit
644,TravelSync-Query
645,LibraryPlay
646,Camera-Monitor-Video-Zoom
647,Worklist-Play-Update-Control
648,RadioMediaPlayer
649,AudioAudio
650,Review-Report-Query
651,Widget-Show_Click
652,NewsUpdate
653,Artist-Player-Player
654,Appendix-Play
655,BroadcastingMedia-Play
656,Control-Control
657,SoundPlayDownload
658,Provider-Query
659,TravelSearch
660,Cook-Control
661,Input-Output
662,Music-Audio
663,Social.Question
664,LibraryClipPlayer
665,Weather-View
666,QueryBuilder
667,MoviePlay
668,Radio-Sound-Listen
669,HelpLibrary-Database
670,Control-Control
671,ReportProvider
672,Video-Time-Pack-Video-Stream
673,Screenplay
674,Videoplayer.in
675,VideoQuery
676,Widget
677,VideoPlay
678,MovieChannelDiscovery
679,Cinema-Query
680,TickStart-Request
681,Screening
682,Listen-Play
683,Weather-Query
684,Weather-Prediction
685,Action-Play
686,BroadcastMediaPlayer-Service
687,ATV-PLAY-Play
688,WeatherTools
689,Studio-Play
690,Public-Show-Play-Play-Play
691,WeatherQuery
692,Video-Monitoring
693,Studio-Design-Design
694,QuickQuery
695,Video-Checking
696,Video-Play
697,Diversity-Play-Listen
698,FilmQuery
699,Travel-Database-Travel
700,Video-Play
701,Steam-Play
702,ListenRadio-Listen
703,Publiance-UpdateScript
704,Health-Track
705,Sport.Show
706,TravelQuery
707,RadioBroadcast
708,Premiere-EventReport
709,Food-Cook-Task-Play
710,Map-Weather-Query
711,Audio-Play
712,Video-Play
713,Cinema-Query
714,WeatherQuery
715,TravelScout
716,SWF-Query
717,Clock-Control-Client
718,Animal_Surger
719,RailwayQuery
720,ShowPlay
721,RadioPlayVideo
722,Cool-Player
723,RadioLook
724,Sleep.Last
725,PowerON
726,Remote-Start-Timer
727,Radio-Listen
728,WeatherWeather-Update
729,Route-Study
730,ListenTools
731,Broadcast-News-Audio
732,Memory-Learning-Library-LibraryItem
733,Automatic-Update
734,Media-Play-Player-Action
735,Library-Library-Read
736,NewsRadio
737,VideoShowRecreation
738,Camera-Query
739,TextWrite
740,Query
741,Widget
742,Animator-Search
743,AudioLoader
744,RunTracker
745,Music-Play
746,Video-Play
747,Weather-Query
748,Video-Play
749,Search
750,Video-Review
751,AlbumDownload
752,Media-NewsFilmPlay
753,WidgetWatch
754,Showtime-FAQ
755,Infoserv
756,Audio-Listen
757,Weather-QueryToolkit
758,Transport-Check
759,MagazineUpdates
760,Video-Play
761,Widget
762,Flight.Query
763,Listen
764,ListenVideo
765,Widget
766,Video-Download
767,Audio
768,Updater-Updater
769,VideoPlay
770,Radio-ListenScript
771,Audio-Listen
772,Listen
773,VideoViewer.exe
774,VideoPlayerPlayer-Play
775,Timer
776,WeatherData-Check
777,Stream-Play
778,Query-Manager
779,RadarImage
780,Transport-Search
781,WeatherTracker
782,Premiere-View
783,Videoplay
784,TravelBook
785,SWF-Play
786,SmartPlay
787,ListenRecording
788,Music-Play
789,Listen-Listen
790,Social-Broadcast-Question
791,CalcCheck
792,StudioListenReport
793,StreamPlayer
794,DateData
795,Date-Query
796,Book-Search
797,Timer-Query
798,Date-Calculator
799,TimerControl
800,RadioQuery
801,Music-Play
802,MediaPlayerReporter
803,Link-Film-Play
804,Audio-Play-Video
805,RadioPlayTool-Play
806,Shock-Screen-Score
807,Widget-Player
808,MusicPlay.Play
809,ConfigRun
810,TimerUpdate
811,Video-Play
812,Multiplayer-Play
813,ListenMusic-Listen
814,Media-Play
815,MusicPlay
816,VideoClipShortEdit
817,DateClock
818,MediaPlayer
819,Link-Look
820,MoviePlayMaker
821,Movie-PlayAction-Play
822,Weather-Query
823,MusicRadio-Play
824,Report-Query
825,Image削除
826,Film-Search
827,Watch-Query
828,Image-Scan
829,Remote-Delete
830,Music-Audition
831,ScreenSearch
832,EventConservation
833,Widget
834,Travel-suggest
835,Weather-Query
836,MusicAsync.Play
837,Listen-Query
838,Maps-Query
839,Story-Query
840,Television-Info-Display
841,Tick-Design
842,WidgetQuery
843,Remote-Control
844,SoundAudio
845,Date-Query
846,Videoplay
847,CoolHome
848,Query
849,News-News
850,SportsNewsWidget
851,SWFFilter-Query
852,MusicRadioVideo-Play
853,SMS-Text
854,IATA-DatabaseQuery
855,SmartUpdate
856,MoviePlay
857,VideoPlayPlay
858,MusicReport-Service-Query
859,Library-Play
860,Radio-Listen-Listen
861,WidgetManager.Check
862,SWF-PLAY
863,Timer-Clock
864,MediaPlayerImage-Play
865,ClockMonitor
866,Video-Play
867,SoundAudio
868,Map-Query
869,Remote-Listen-Request
870,Television-PlayerMedia-Player-Play
871,Broadcast-Rerepeat-Query
872,Sports-Play-Events
873,Video-Player
874,TravelScout
875,Widget-Based-ClockClock
876,Health-Update
877,Audio-Listen
878,UpdateQuery
879,ListenRadio-Multimedia
880,SWF
881,SocialeMediatedQuery
882,VideoPlayer
883,Weatherinfo-Weather-Query
884,Studio-Play
885,LookAround
886,Screen-Edit
887,WeatherDestroy
888,Football
889,Video-Play
890,Query
891,Reader
892,Video-Play-Remix.Player
893,Filter-Query
894,Football-Report-Player
895,Automation-Monitor
896,Listen-FM-Listen
897,ListenTrack
898,WeatherPredict
899,Travel.Timer
900,Measurement-Measurement
901,Music-Streams-Mixer
902,Make-Update-Message
903,RunManager
904,Listen-Play
905,Remote-Play
906,Video-Play
907,MusicFactory
908,Radio-Listen
909,Human-Center
910,PhotoIllustrator
911,Sleep-Play
912,WeatherRadar-Query
913,Network-Explorer
914,- Audio
915,Time-Calender
916,Message-Query
917,SocialInfoReporter
918,ImageSpelling
919,Broadcast-Stream-Audition
920,BusWayDataQueryQuery
921,Sql-Query
922,Weather-Update
923,WeatherQuery
924,Widget-Query
925,Client-Mail
926,DateCalendarLibrary
927,AudioPlayer
928,Restaurant-Map-Query
929,- Local.Query
930,Solaris
931,WidgetReport
932,TransportPlan-Query
933,PhoneCalls
934,Railway-Search
935,DateDate
936,AudioAudio
937,SocialMediaServices-SocialMediaServices
938,FilmViewer
939,MediaPlayer
940,Transport
941,EventPlanning-Guide
942,FlightSearch
943,Streaming
944,VideoPlayLibrary
945,Football-Query
946,Weather-Calendar
947,Timer - Control
948,Statistics-Query
949,TelevisionSeriesUpdate
950,LegalWriting
951,SWF-Player
952,LibraryLanguageTalk
953,StudioRender
954,AlbumVideoLibrary
955,Search
956,Weather-Idlib-Query
957,Player-Capture
958,VideoPlay
959,BrowserQuery
960,Movie-Play
961,Broadcast-Play
962,Clock-Update
963,Guitar-View
964,Football-Player-Review
965,MediaPlayer
966,SoundDownloader
967,VideoRapper
968,TimerPlayer
969,NewsItem
970,DateQuery
971,VideoFilterImage-Query
972,ListenManager
973,MediaPlayerAudio-Audition
974,WeatherSensorManager
975,SocialMedia-Site-Research
976,Broadcast-Recording-Listen
977,Logs-Play
978,Apply
979,SportsUpdate
980,InfoQuery
981,AACPlay
982,Diversity-Play
983,Media-Capture
984,Listen
985,Query
986,Remote-View
987,ClockClock
988,Train-Update-Query
989,Weather-Info
990,Weather-Query
991,TextFilter
992,QueryInfo-Query
993,WeatherDateRequest
994,Remote-Control
995,Music-Audio
996,Share.Talk
997,MediaPlayer
998,Train-Query
999,VideoDownload.VideoPlay
1000,Weather-Query
1001,Calendar-Query
1002,Comedy-Play
1003,TravelMap-Query
1004,Clock-Manager
1005,Location-Query
1006,Listen-Media-Listen
1007,PlayerDownload
1008,Timer-Update
1009,ClockControl
1010,Music-Play
1011,Weather-Prediction
1012,Video-Play-Search
1013,SoundPlayer
1014,Event-Send-Listen
1015,VideoVideoStream-Player-Info-Listen
1016,Camera-Setup
1017,Audio-Play
1018,Audition-Listen
1019,AuditionWatch
1020,AlbumMusicFileDownload
1021,ShowStream
1022,QueryBuilder
1023,Radio-Listen
1024,Video-Clip
1025,MovieCuter
1026,MoviePicker-Query
1027,Stream-Listen
1028,Clock-Converter
1029,RadioListen
1030,Spotify
1031,RSS-Update
1032,ListenTalk
1033,Utility-Update
1034,WeatherQuery
1035,Listen-Listen
1036,Client-Query
1037,Audio-Mix-Audio
1038,ListenLibrary-Listen
1039,Date-Query
1040,Audio-Collection
1041,TrainTravelEngine
1042,VideoPlay
1043,FilmOverviewLook
1044,Video-Play
1045,Audio-Play
1046,RadioResume-Listen
1047,Listen-Audience
1048,Weather-Query
1049,AAC-Play-Add-Play
1050,News-player
1051,Video-Play
1052,Listen-Audiance-Play
1053,Public-Mail
1054,MovieAvenuePlayerViewer
1055,Image-Modeling
1056,Text-Play
1057,Utility
1058,Listen-Listen
1059,VideoPlay
1060,Control-Control
1061,Widget-Query
1062,VideoPlay-Async
1063,PriceQuery
1064,Widget
1065,Screenshot-Play
1066,NewsRadioListen
1067,Weather-Watch
1068,BookBookSearch
1069,VideoRe播放
1070,Studio-Play
1071,Client-Local-Search
1072,StreamAdd-Listen
1073,SoundPlayTools
1074,Print-Image
1075,Film-Play
1076,Facebook-ID-Message
1077,MapToolServer
1078,Widget-MakeAutomation
1079,ScreenReader-Info
1080,VideoPlayer
1081,Query
1082,ReportException
1083,Product-ReportViewer.zip
1084,Clock-delay
1085,ImageViewerModel
1086,Audio-Play
1087,WeatherResearch-Query
1088,Air-ConnectionQuery
1089,WidgetManager-Launcher
1090,Search
1091,Widget-Print
1092,Timer
1093,NewsPlay
1094,MediaPlayer
1095,Timer-Builder.Date-Calendar
1096,RemoteLauncher
1097,Frame-Play
1098,Document-Map
1099,DateInfo
1100,Sensor-Query
1101,Call
1102,Timer-Play
1103,ArtistQuery
1104,Statistics-Query
1105,MonitorImage-Monitoring
1106,Listen-Listen
1107,Daily-Check
1108,Control-Automation
1109,Google-Play
1110,FilmPlay
1111,Video-Search
1112,Media-Play
1113,Update-Add
1114,Report-Update
1115,QueryData
1116,DateProvider
1117,LocalTimer
1118,SoundMediaPlayer
1119,Radio-Listen
1120,Control-Panel-Toolkit
1121,Logi-Query
1122,FoodWizard
1123,Video-Stream
1124,Local-Radio
1125,PlayerPlayer
1126,ImageViewer
1127,TemperatureControl
1128,Map-Map
1129,Apply
1130,ClockInfo
1131,ImageOverview-Player
1132,Filter-Query
1133,FM-Player-Play-Listen
1134,Video-Show-Event
1135,Weather-Prediction-Query
1136,Clock-Clock
1137,MusicSongSound
1138,Film-Screening
1139,Widget-DBScript.Check-Date
1140,TravelTick-Query
1141,SWFPlay
1142,TextWriting
1143,Widget-Play
1144,HomeSetup-Manager
1145,SportTime-Play
1146,WeatherQuery
1147,MediaPlayer
1148,MoviePlay
1149,Video-Play
1150,AudioVocal-Listen
1151,VideoPlay
1152,Audio-Listen
1153,Workstation-View
1154,AudioPlay
1155,Play-Play
1156,ShowTime-News-Player
1157,Weather-Query
1158,RadioRadioListen
1159,VideoPlayerTooling
1160,Video-Play
1161,News-Player
1162,Listen
1163,Listen.Radio-Listen
1164,WeatherQuery
1165,Manual-Print
1166,Streaming-Play
1167,Discovery-Video-Play
1168,Travel-Query
1169,Radio-PickUp
1170,Animation-SoundClips
1171,LibraryLink
1172,Video-Play
1173,Health-Manager-Update
1174,Radio-Play
1175,MarketDatabase
1176,ListenPlay
1177,TravelDialog.a
1178,Flight-Check
1179,AudioAudition
1180,Player-Listen
1181,Query-Query
1182,Premiere-Play
1183,MultiPlayClient
1184,Listen
1185,MusicPlay-Multiplayer
1186,Remote-Control
1187,Control-Control(RemoteControl)-Services-ControlEngineControl
1188,TravelQuery
1189,AudioPlay-Play
1190,PhoneService-SendBack
1191,Video-Player
1192,Audio-Play
1193,Discovery-Listener
1194,RouteConnection
1195,Sensor.ini
1196,WeatherManager
1197,Audio-Listen-Listen
1198,Multimedia-Video-Play-Play
1199,Report
1200,RailwaySearch
1201,- UpdateQuery
1202,Radio-Listen
1203,Travel.map-Query
1204,MediaPlayer-Discovery
1205,TrainSearch
1206,ClockEvent
1207,Policy-Query
1208,MediaPlayer-Play
1209,VideoPlayer
1210,Temperature-SettingsResearch
1211,TravelTravelQuery
1212,Video-Play-Play
1213,Video-Play
1214,Picture-Play
1215,Broadcast-Play
1216,MusicPlay-Listen
1217,DataQuery
1218,LoopPlay
1219,ClipAround
1220,ImageRecreeper
1221,Player-Query
1222,AudioPlay
1223,VideoReplay
1224,VideoPlay
1225,Writer-Input
1226,SocialImageAutomation
1227,Radio-Listen
1228,RouteMap-DataViewer
1229,Info-Search.Query
1230,Transport-Query
1231,MenuGuide
1232,Report-Maker-ReportImage
1233,Dance-Play
1234,Travel-Query
1235,Video-Play
1236,SWF-Player
1237,SWF-Play
1238,Control-Manager
1239,Social-Media-Report
1240,MusicalShowShow
1241,Weather-Convert
1242,Cloud-Map-Query
1243,Geomap-Query
1244,ClockQuery
1245,Radar.a
1246,WeatherQuery
1247,Wrap-Music
1248,MusicListen
1249,Screen-Info-Report
1250,Studio.Listen
1251,ArcGIS
1252,Screen-Play
1253,Image-Video-Download
1254,Listen-Listen
1255,Fiction-Play
1256,MusicPlay
1257,Widget-Service
1258,Weather-Weather-Weather-Info
1259,DriverManager
1260,VideoPlay
1261,Video-Download
1262,Report-Query
1263,Review
1264,Media-Play-Browser
1265,Video-Edit.Edit
1266,Player-Play
1267,Broadcast-Stream
1268,Reports
1269,Script-Play
1270,Global-Query-Query
1271,ComedyPlay-Play
1272,FictionBookLoad
1273,NTP-Query
1274,RoutePlanning
1275,Query-Query
1276,MusicPlay
1277,Console-Query
1278,Video-Play
1279,Control-Model
1280,ListenUp
1281,TickString-Toolkit
1282,Multimedia-Play
1283,WeatherQuery
1284,Script-Play
1285,Control-Test-Control
1286,SocialService.Play
1287,MangaRead
1288,ActionScript-Play
1289,TimeTravel
1290,Psychology-Query
1291,TemperatureControlClient
1292,MapScheduling
1293,PhotoStream
1294,TimerListUpdateFilter
1295,Video-Locator-VideoLook
1296,Documentation-Search
1297,Track-Play
1298,MapGuide
1299,Host
1300,MusicArtists
1301,Movie-Setup
1302,Weather-Advisor
1303,Audio-Play-Player-Play
1304,WeatherWidget-Query
1305,Sports-Photo-Video-Show
1306,MediaLook
1307,WeatherQuery
1308,ScreenPlay-Play
1309,Broadcast-Real-Time-Receipt-Play
1310,Image-Query
1311,Philosophy
1312,Player-Click
1313,Widget
1314,Movie-Query-Directory
1315,AudioPlayer-Play
1316,Comedy-Play
1317,Event-Check-Remembering
1318,Query
1319,Widget-Query
1320,Flight-Query
1321,Clock-Clock
1322,CityQuery
1323,Home-Home
1324,Map-Connection-Update
1325,TelevisionView
1326,Audio-Listen
1327,SoundBlaster
1328,Premiere-Play-1.4.1
1329,20二度
1330,Image-View
1331,Help-Discovery
1332,LocationSearch
1333,Weather-Query
1334,Script-Based
1335,News-News-Live-News
1336,Library-Play
1337,Clock-Update
1338,TravelQuery
1339,Library-Edit
1340,DateQuery
1341,Date-Search
1342,TaxQuery
1343,CinemaShow
1344,Comedy-Play
1345,Widget-Live-Play
1346,Football-Conference-FootballMediaPlayer
1347,News-Journal-Play
1348,Radio-Video.Download
1349,Query
1350,Finance-Query
1351,Report-TV-Query
1352,MovieFilm-Play
1353,Video-Clip
1354,Image-Editor-EditorSearch
1355,InfoWatch
1356,Television-Listen
1357,Search
1358,TimerQuery
1359,MediaPictBridge-Editor
1360,Broadcast-Listen
1361,Family-Home-Action
1362,Client-Query
1363,Video-Player
1364,Assessment
1365,Conserve-Control
1366,Timer-Play-Update
1367,VideoVideoClip
1368,SmartPlay
1369,Video-Play-Recure
1370,ComedyQuery
1371,Image-View
1372,Maps-HelpQuery
1373,Info-Geo-Report
1374,AuditRadio-Listen
1375,Local-Date-Update
1376,LegalMessage道歉声明
1377,Sound-Play-Time-Query
1378,Travel-Query
1379,-PlayerServices-Application-Update
1380,Audio-Play-Play
1381,DateQuery
1382,Video-Play
1383,BroadcastView-Player
1384,WeatherInfo
1385,RadioChannel-Listen.Radio-Listen
1386,Music-Play
1387,TimeDataQuery
1388,AudioRecording
1389,Services
1390,Radio-Listen
1391,PhotoModel
1392,VideoCheck
1393,LibraryToolkit
1394,Listen
1395,GuideHelp
1396,WeatherInsight
1397,TimeSearch
1398,Movie-Play-Download
1399,Listen-Play
1400,YearPlanning
1401,ShowTime-Time
1402,Appliance-Play
1403,Television-play-Player-Play-Play
1404,NewsNews-Query
1405,Movie-Play
1406,StudioSing
1407,Artist-Look-File-Scan
1408,TravelTrace
1409,Control-Manager-Control
1410,News-Media-Pictures
1411,WeatherReport-Query
1412,Clock-Setup
1413,Date-Query
1414,Timer-Play
1415,Date-Query
1416,Utility-Program-Play
1417,Timer-Add-Watch
1418,Listen.Language
1419,WeatherQuery
1420,Services-Online
1421,- Query-String
1422,Widget-Search
1423,Studio-MediaPlayer
1424,MotionPlay
1425,Client-Based-Query
1426,DiscoveryModelPlayer-Sound-Play
1427,WeatherQuery
1428,ListenMessage
1429,GlobalTraffic-Query
1430,Clock
1431,RemoteRoute-Play
1432,Service-Play
1433,VideoPlay
1434,LifeTime-Talk
1435,Player
1436,MediaVideo-Play
1437,Query-Data
1438,CaptureStream
1439,VideoClip-Play
1440,Media-Play
1441,WeatherDiscussance
1442,Gallery-Modeling
1443,Radio-Play-Listen
1444,Client-Broadcast-Play
1445,History-Query
1446,Video-Play
1447,Video-Query
1448,Travel-Query
1449,HomeCallControl-Service-RequestServices
1450,FilmRePlay.h
1451,Broadcast-Play
1452,MediaQuery
1453,Play-Play
1454,DateConcerning
1455,Program-Query
1456,Weather-Query
1457,Artist-Studio
1458,Listen
1459,QueryClient
1460,RDS-Listen
1461,VideoBrowser-Play
1462,Temperature-Settings
1463,MovieWatch-Download
1464,AirCool
1465,AudioListen-Library
1466,FilmPlaysearch
1467,Message-Message
1468,Audition-Play
1469,Date-Query
1470,ParameterWeather-Study
1471,MusicPlay
1472,Radio-Reconserv
1473,HTTPWeb.Request.Query
1474,Listen-Play
1475,Automation-Control
1476,MediaQuery
1477,MovieAppliance-Download
1478,Radio-Listen
1479,-Listen
1480,TravelQuery
1481,WidgetUpdate
1482,Load-Load
1483,MusicStation
1484,NewsVideo
1485,Report-Query
1486,TextQuery
1487,PayrollAssistant
1488,DriverQuery
1489,Weather-Query
1490,Appendix
1491,MusicPlay
1492,TimeZoneChange
1493,DownloadDownload
1494,Date-Set
1495,Weather-Watch
1496,SoundPlayPlayer-SoundPack播放
1497,Video-Play_Play
1498,FlightSearch-Query
1499,AirControl-Control
1500,Video-Play
1501,Listen-Play
1502,Sky-Engine
1503,Video-Stream
1504,BroadcastPlay
1505,SportsConference
1506,Clean-Query
1507,MapMonitor-Service
1508,ClassicVideoAppliance-Player
1509,Document-Play
1510,MediaQuery
1511,Player-Audition
1512,ClockWidget
1513,Television-Play
1514,VideoImageRecording
1515,Audio-Listen
1516,Media-Editor-ErrorErrorUpdates
1517,Weather-Query
1518,SWF-Viewer-Play
1519,Clock-Config-Query
1520,QueryTool-Calculator
1521,Travel-Query
1522,Weather-Watch
1523,AudioCopyRender
1524,Calendar-Query
1525,Discovery
1526,SoundPlayListen
1527,MediaPlayerPlayer.exe
1528,Mobile-View-ToolDraw-Browser
1529,Broadcast
1530,MoviePlay
1531,- QueryServices.QueryServices
1532,ScreenCheck
1533,Multimedia-Play
1534,VideoBrowser-Query
1535,StreamPlayer-Download
1536,ModuleDatePredict-Date
1537,Phone-Query
1538,PremiereTelemetrical-Media-Play
1539,Video-Show
1540,Timer-Control
1541,Divix-Stream-Query
1542,DateQuery
1543,Listen-Listen
1544,Video-播放-Library
1545,ClockRadio
1546,VideoRecordRepl PlayerAction
1547,WidgetImage.SaveImage
1548,WidgetPlay
1549,Vehicle-Planning
1550,AudioDownload-Player
1551,AlbumViewer
1552,Videoplay
1553,ListenAudio
1554,ToolTip
1555,WeatherConserving
1556,Air-FlightQuery
1557,Weather-Viewer
1558,Artist-Audio
1559,Browser-Query
1560,MusicRadio
1561,Music-Video
1562,AudioListenObject-Listen
1563,ScreenPlayQuery
1564,Image-Show(Video)
1565,SendMail
1566,Appliance-Drive-Search
1567,VideoStreaming
1568,VideoMediaPlayer-Play
1569,Sensor-Query
1570,MediaQuery
1571,Spotify
1572,GeoLocator
1573,TelevisionMultimedia
1574,Serial-Play
1575,Video-Play
1576,Radio-Listen
1577,Search-Drive
1578,LibraryPlayer
1579,MusicPlay
1580,Associated-Trade-Alliance-Development
1581,Video播放
1582,StreamViewer
1583,Widget-Linking
1584,QueryQuery
1585,Video-Play
1586,Travels-Query
1587,WeatherQuery
1588,Music-Play
1589,Media-Listen
1590,Weather-Predict
1591,Listen
1592,Client-Manager
1593,Query-Query
1594,WeatherWizard
1595,MenuFoodMenu.jpg
1596,TaskDeleter
1597,AudioListen
1598,Listen-Play
1599,AudioLibrary
1600,SWFPublish
1601,Local-Maps
1602,Task-Track-Draw
1603,Calendar-Query
1604,RadioNetwork-Player
1605,RealVideoImageConverter
1606,VideoDownload
1607,TaskQuery
1608,MediaQuery
1609,Travel-Query
1610,TravelPolitique-Pack-Info
1611,PollQuery
1612,AeroPilot
1613,Filter-Services
1614,MapCheck
1615,VideoPlay
1616,PushEnergy.exe
1617,MediaRadio-Over-Station-Send-Query
1618,Weather-Boost
1619,PictBridge
1620,ClockClock-Widget
1621,Audition-Listen
1622,RadioListen-Play
1623,Video-Play
1624,Listen-Listen
1625,Widget-Listen
1626,Listen
1627,Player-Play
1628,VideoClip-Info
1629,DatePlanScript
1630,Global-Update
1631,SoundPlay
1632,Control-Control-ControlException
1633,Movie-Play-Movie
1634,Timer-Listen
1635,Control.Button
1636,Radio-Radio-Radio-Broadcast-Listen
1637,Artist-Play
1638,Play
1639,Showable
1640,VideoPickUp
1641,MapQuery
1642,Movie_Look
1643,TravelQuery
1644,AudioPlay
1645,PicturePlay
1646,Network-Radio-Listen
1647,MultiProgram-Play
1648,Discovery-Video-Download
1649,Client
1650,DatePlanningFunction
1651,WeatherQuery
1652,SWF-Player-Play
1653,Program-Play
1654,Music-Copy
1655,Publish
1656,Audio-Play
1657,FixButtons
1658,Video-Capture.View
1659,Monitor-Disable-Control
1660,Stream-Download
1661,Music-Play
1662,Listen-Track
1663,MusicPlayer-Play
1664,WidgetToolkit
1665,StoryViewer
1666,Sport
1667,MovieViewer
1668,Photo-Share-Picture
1669,Screen-Search
1670,Screenshots-Video
1671,- Info
1672,Video-Convert
1673,WeatherAdvisor
1674,Video-Play
1675,Remote-Event-Response.info
1676,Backup-Management-Update
1677,Time-CalencyChecking
1678,Travel-Connection
1679,ListenInfo
1680,TextMessage
1681,Security-Update
1682,TimerManager
1683,CameraPlayer
1684,Television-Play
1685,NewsQuery
1686,Video-Play
1687,Query
1688,NewsAppendix
1689,Weather-Radar-Search
1690,Audio-Reader
1691,Screen-Ranking-Events
1692,Audio-Listen
1693,Media-Video
1694,MoviePlayer
1695,VideoReader-Reader
1696,Event-Timer
1697,ImageReport
1698,Travel-Query
1699,VideoQuery
1700,Radio-Listen
1701,News-Audio
1702,CleanUP
1703,Calendar-Query
1704,SWFRip-Listen
1705,NewsQuery
1706,Listen-Listen-Audio
1707,Resource-BasedKnowledgeSearch
1708,UpdateUpdate
1709,Transport-Query
1710,Radio-Audition-Listen
1711,Network-Search-Video
1712,ContentLoaded
1713,WeatherQuery
1714,ShowTimeVideo
1715,Sports-Link
1716,AnimationPlayPlay
1717,Travel-Request
1718,Weather-Search
1719,AudioMix
1720,Remote-Video-Listen
1721,Audite-Listen
1722,Video-Play
1723,ModelCarLoading
1724,Query
1725,ShowProductionVideo-Play
1726,Utility-Play
1727,Widget
1728,ClockQuery
1729,Video-Look
1730,Query
1731,Query-Query
1732,Weather-Weather
1733,Weather-Query
1734,Geo-Query
1735,MovieScreener
1736,Streaming
1737,MediaQuery
1738,NetworkPlayerTV-Player-Video
1739,TravelTick
1740,SkyQuery-Query
1741,Map-Query
1742,News_Play
1743,Writing-Writing
1744,WeatherMonitoring
1745,Animascript-Animation-Text
1746,Control-Config.ini
1747,Screenshot
1748,Remote-Meet
1749,VideoClip
1750,ListenRadio
1751,Widget
1752,ListenSong
1753,ListenApplishingStudio
1754,Gallery
1755,Script-View
1756,TimerStat-Query
1757,Widget-Widget
1758,Weather-Query
1759,Audio-Play
1760,MediaPlayer-Query
1761,Weather-Info.Query
1762,MoviePlay
1763,StudioVideo
1764,ConsoleOpen-Lock
1765,RadioListen
1766,WidgetServices
1767,Directory-Movie
1768,ClockWidget
1769,MediaPlayer
1770,TravelConnection
1771,Premiere-Watch
1772,Video-Player-View.exe
1773,Listen
1774,RadioAppliance-播放-Listen
1775,Multimedia-Listen
1776,Media-Play
1777,Radio-Play
1778,Audio-Listen
1779,Music-Play
1780,ImageShower-Automation
1781,ScreenPlay-View
1782,Weather-Query
1783,Control-Control
1784,Public-Query-Query
1785,VideoRePlay
1786,Travel.Query
1787,TravelMaps_Date
1788,Service-Disabled
1789,Multi-Player
1790,Telelink
1791,VideoUpdate
1792,Video-Play
1793,Audio-Play
1794,Social
1795,Library-Play
1796,ShowShow
1797,Audio-Play
1798,News-Call
1799,WindControl
1800,Therm-Info
1801,Library-Play
1802,Group-Date
1803,Content-Play-CollectionBrowser
1804,Date-Search
1805,ComedyShow.Stream
1806,ListeningFrequencyUpdate
1807,WeatherWidgetInfo
1808,Literature-Audio-Audio-Video-Media-Play
1809,Clock-Query
1810,NewsViewer
1811,Control-Config
1812,VideoUpdateEdit
1813,Designer-Tool-Guide
1814,RemoteControlServices
1815,Video-Play
1816,Widget-Lite-CalendarQuery
1817,Video-Play-Load
1818,ExpressionTextEdit
1819,Video
1820,Artist-Play
1821,Personal-Family-Matching
1822,Metal-Query
1823,Play-PlayFile-Play
1824,Video-Play-Assist-Script
1825,Music-Play
1826,Music-Release-Service
1827,Social-Media-Play
1828,Investigation-Query
1829,Widget-Service-Packet.info
1830,Read-Read
1831,Spotify
1832,Driver-Manager
1833,Travel-Query-Map
1834,Sensor-Access-Tool-Program-Check
1835,Video-Play
1836,Video-Video-Play
1837,Date-Query
1838,Weather-Query
1839,Broadcast-Query
1840,ReportPacker
1841,Music-Video
1842,Audio-AuditionServer
1843,ScreenPlay
1844,PopCalendar
1845,Weather-Info
1846,Play-Play
1847,PlayerPlay
1848,TemperatureRegulator
1849,WeatherMonitor
1850,TimeStation
1851,NewsTV-Play
1852,RailwayTransport
1853,VideoGame
1854,Contact-Call
1855,FlightTime
1856,Character-Play
1857,DateCheck
1858,Payschedule.py
1859,ImageSearch
1860,Multipremiere-Play
1861,Broadcast-Query
1862,MKV-Play
1863,PopOverAction
1864,TravelDatabase
1865,MediaPlayer
1866,Player-Play
1867,Weather-Query
1868,-Listen
1869,Video-Stream-Player
1870,Clock-Clock
1871,Listen
1872,Radio-Listen
1873,Broadcast-Audition-Update
1874,Travel-Planner
1875,Listen
1876,Radio-Player
1877,Listen-Listen
1878,Video-Repair
1879,ClockQuery
1880,Social-Social-Social-Social-Social-Activity-Listen
1881,TextWriter
1882,PlayerPlay
1883,MediaPlayer
1884,MusicLibrary
1885,AnimationPlayer-Play
1886,VideoLoad
1887,Speaktool
1888,Public-Finance-Report
1889,Query-Play
1890,Audio-Play
1891,Weather-Info
1892,WebQuery
1893,Input-Query
1894,VideoChannel
1895,Render
1896,Audio-Play
1897,Entertainment
1898,Console-Query
1899,Transport.DB
1900,Weather-Query
1901,VideoPlayer
1902,VideoPlayer
1903,Social-Voice-Feed
1904,TimerAction
1905,Map-Data-Query
1906,MediaPlayer-Audio-Play
1907,Help-MapServices
1908,DateQuery
1909,Date-Query
1910,AudiTalk
1911,RemoteControl-Tools
1912,SWF-Player
1913,Video-Play
1914,Comedy-Play
1915,VideoPlay
1916,Video-Player
1917,Image-Artists
1918,PlayFilmPlay
1919,AudioProducer
1920,RadioPlay-Listen
1921,Appendix
1922,MoviePlayerPlayer
1923,Widget-Manager
1924,SWF-Search
1925,RemoteControlQuery
1926,Music-Play
1927,Player-Play
1928,Script-Feed
1929,FeatureFilmViewer
1930,Weather-Monitor
1931,Date
1932,Travel-Assist
1933,WeatherShow-Timer
1934,Player
1935,SoundBlaster
1936,Player-Play
1937,Travel-Query
1938,Update-DBQuery
1939,Weather-Query
1940,MapRoute
1941,WeatherMap
1942,Apply
1943,Control-Play
1944,Video-Play
1945,Video-Player-Play
1946,WeatherProducer-Control
1947,Radio-RecealView
1948,Train-Sync
1949,Listen-Show
1950,Video-Play
1951,RadioRadio-Listen-Listen
1952,Audio-Sound-Audio
1953,AudioStream
1954,Control-Play
1955,Fire-Safe
1956,Media-Play
1957,AudioPlay
1958,InfoWeather
1959,Travel-Query
1960,Musical-Play
1961,WeatherRadar_Predict
1962,GatewayWebServiceManagement
1963,AudioClip
1964,Download
1965,Activity-View
1966,VideoListen
1967,PlayerShow
1968,SensorGuide
1969,Driver-QueryBrowser
1970,Comedy-Play
1971,Audio-Player-Playable-Music
1972,ListenControl
1973,ActionScript
1974,Player-Play
1975,ClockStartingProgram
1976,Sports-News-Short-News-Out
1977,Lite-Play
1978,EventSearch
1979,ImageMorphTools
1980,Automation-Play
1981,Audition-News-News-News
1982,VideoPlayer
1983,Control-Control
1984,Transport-Research
1985,Video-Player
1986,Bus-Find
1987,ListenLibrary
1988,TaxiQuery
1989,Multimedia-Social-Media-Show
1990,Video-Play
1991,Air-Query
1992,Audio-Play
1993,Video-Play
1994,Listen-Play
1995,RoutePlanning
1996,Listen
1997,InfoPlayer
1998,Weather-Query
1999,Audio-Chat-Language-Multimedia-Broadcast
2000,Route-Planning
2001,Comedy-Play-Play
2002,TravelQuery
2003,Global-Weather-Query
2004,PopMeet
2005,LogsBrowser
2006,VideoPlayer
2007,Weather-Query
2008,Widget-Timer
2009,Video-Clip-Play
2010,VideoPlayer
2011,Screen-Image-Test
2012,Image-Image-View
2013,CinemaVideoViewer
2014,DisableTaskUpdate
2015,Audio-Send-Listen
2016,Video-Play
2017,Library-Library-Library-Discovery
2018,Software-Update
2019,Screencast
2020,MediaPlayPlayer
2021,ListenChannel
2022,VideoPlay
2023,Control-Design
2024,Weather-Query
2025,Library-Play-Play
2026,Weather-Query
2027,Screening-Screening
2028,PlayerMap
2029,DiscoveryMovieFilm-Look
2030,WeatherInfo
2031,Media-Search-Query-Search
2032,Search-Maps
2033,VideoModelImage-Play
2034,Drama-Play
2035,Video-Play
2036,StudioServices-Kill
2037,Events-Presentation-Conference
2038,NTP-Query
2039,ApplicationControl-Manager-Studio
2040,PublishedReport-Write
2041,Relationship-Service-Query
2042,Date-Query
2043,Sql-Query-Control
2044,Report-Query
2045,Widget
2046,Calendar-Query
2047,LocalMenu
2048,Listen
2049,Film-Player-Query
2050,QuickLearning-Video-Learning
2051,Television-Network
2052,Radio.Audition
2053,Automation-Manager
2054,WAPI-Download
2055,MenuInfo
2056,StockEvent
2057,Health-Life-Talk
2058,Listen-Listen
2059,VideoStudio
2060,News-Update-Viewer
2061,Control-Drive
2062,MoviePlayer-Play
2063,WeatherReport
2064,DrugCheck
2065,Multimedia-Player
2066,Flight-Query
2067,NewsLetter
2068,Audition-Play-Show
2069,Widget
2070,QueryFilter
2071,AudioPlayRelease
2072,Local-Media-Locator
2073,VideoPlay-Play
2074,Music-Library
2075,VideoPlay
2076,NTP-Query
2077,SteamModel-Control
2078,ShowDateTools
2079,ListenPlay
2080,ListenWiki
2081,Module-Calendar-Query
2082,Music-Play
2083,ClockMaker
2084,ImageMagic
2085,RailwayCityTransport-Query
2086,Video-Play
2087,ListenRadioAppliance-Listen
2088,QueryRoute-Event-Make-Make
2089,SWFPlayer
2090,NTP-Update-Update
2091,Date-Query
2092,Streaming
2093,Report-Barrier
2094,Travel-Guide
2095,MIDI-Play
2096,RadioRadioListen
2097,Halloween-Query
2098,Audio-Profile.h
2099,RadioListen-Listen
2100,Scan-Adder
2101,MusicRadio
2102,Timer-Config
2103,RadioListen-Play
2104,RadioListen
2105,Clock-Date
2106,Multimedia-Player-Play
2107,RadioPlay
2108,MediaPlayer
2109,ShowLibrary
2110,WeatherQuery
2111,History-Query
2112,Video-Play
2113,Weather-Query
2114,MusicVideo-Play
2115,Video-Play
2116,Driver-Query
2117,Artist-Info-Show-Album-Edit
2118,Video-Play
2119,MPEG+P3
2120,Control-Automation
2121,SWFStreamPlayer
2122,Audio-Library.VideoDirect
2123,SearchAssistant
2124,StudioTime-SaverImagePlay
2125,AudioPlay
2126,ClipBox-Video-Play-Query
2127,ListManager
2128,PlayerPlayer-Listen
2129,Date-Query
2130,Audio-Play-Query
2131,MapSetter
2132,Traffic-Nav-Query
2133,PublicServer-Audince-Listen
2134,Connection-Monitor
2135,Show
2136,Stream-Play
2137,RouteQuery
2138,Audio
2139,MediaPlayer
2140,Listen
2141,Listen-OverView
2142,Render-PlayAnimation.Himself
2143,Appendix-Service-Play
2144,Widget.Opera
2145,Timers-StartUp-Studio
2146,Query-Query
2147,TravelLocator
2148,WeatherLook
2149,ShowPlayTool
2150,MoviePlay
2151,Widget-Query
2152,DateSearch
2153,ArtistListen
2154,PlayerPlay
2155,ComedyFilm-Event
2156,RailwayConference
2157,Animation-Play
2158,WeatherWidgetView
2159,Report
2160,Travel-Query
2161,SolarDesign
2162,WidgetSearch
2163,Diversity-Query
2164,Listen-Services
2165,RadioMedia-Listen
2166,CopyShow-Play
2167,Mode-Guide
2168,Personal-Health-Test
2169,Radio
2170,Education-Services-Media-Player
2171,Weather-View
2172,VideoListQuery
2173,Listen-Listen
2174,MPEG-Video-Listen
2175,Weather-Stat
2176,SpeedPilot
2177,Appliance-Services-Manager
2178,AuditiveVideo
2179,Owned
2180,WidgetPlay
2181,Widget.Timer
2182,Ajax-Query
2183,Transport
2184,WeatherBulletin
2185,MultiPlay-Play
2186,Artist-Play
2187,SportPlayer
2188,DVBTickr
2189,MusicVideoPlayer
2190,Remote-Edit-Screen
2191,Widget
2192,AudioRadio-Listen
2193,Radio-Listen
2194,Audition-Library
2195,ScriptPlay
2196,Broadcasting-Search
2197,Traffic-Info-Timer
2198,Home.LockControl
2199,Global-Decision-Report
2200,MusicAudio
2201,Film-Play
2202,Video-Play
2203,Audio
2204,Weather-Check
2205,Ajax-Query
2206,Listen-Play
2207,Travel-Query
2208,Widget-Media-Capture
2209,Music-Play-Play-Listen
2210,Listen
2211,Flight-Map-View
2212,Broadcast-Listen
2213,Train-Data-Report
2214,Client-Check
2215,TravelPlanner-Toolkit
2216,WatchShow-Player
2217,Query-Search
2218,QuickTime-Search
2219,Weather-Watch
2220,CameraRender-Search
2221,VideoDownload
2222,Remote-Translation
2223,Travel-Query
2224,SWF-Search
2225,ScreenPlay
2226,Temperature-Play
2227,Remote-Query
2228,Client-Discovery
2229,SWF-Play
2230,Mathematica
2231,Story-Play
2232,Loop-Music-Mix
2233,SearchQuery
2234,TrainQuery
2235,AlbumEdit
2236,ClipStore-Play
2237,Music-Loop
2238,Video-Player-Play
2239,Health-Assisted
2240,Stream-Player
2241,PhoneMail
2242,TimerProvider-Assistant
2243,Query_Listen
2244,FilmChannelPlayScript
2245,Talk
2246,Program-Listen
2247,AirModeControl
2248,Listen-Play-Video-播放
2249,MediaPlayer
2250,Railway-Query
2251,Food-Cooking
2252,ClientInfo
2253,Timer-Setup
2254,Image-Capture
2255,Video-Play
2256,TravelExplore
2257,ListenPlay
2258,PlayVideo
2259,ReadText
2260,Remote-Control
2261,Video-Play
2262,VideoPlay
2263,Video.See
2264,Television-Control
2265,Musical-Audio-Player
2266,ShowVideo-Viewer
2267,Parameter-Check
2268,Audition-Stream
2269,Date-Learning
2270,TalkListen
2271,ActionScript-Video-Player
2272,AlbumMusic-Mix
2273,Radio-Listen
2274,Control-Query
2275,Search-Query
2276,Video-Play
2277,Date-Study
2278,Television-VideoQuery
2279,FilmAsync
2280,Streaming-Film
2281,Weather-Query
2282,ApplianceVideo
2283,Process-Query
2284,Image-Printer
2285,Video-Search
2286,Listen-Read
2287,VideoPlayer
2288,Travel-Info.Listen
2289,Camera-Query
2290,Report-Query
2291,NewsRadio-Player-Show
2292,DateQuery
2293,WidgetDriver
2294,Video-Play
2295,FileLoad
2296,ImageSource
2297,ContentManagement
2298,Plan-View
2299,MediaPlayer-Play
2300,Record-Play
2301,Video-Play-Show-Player
2302,Audio-Play
2303,Guide-Query
2304,Public-Remote-Monitoring
2305,Video-Receiver
2306,ScreenPlay-Play
2307,Media-Play
2308,Player-Play
2309,Publishing
2310,QL-Earth
2311,Video-Play
2312,Play-Play
2313,Movie-Play
2314,Video-Discovery
2315,HeatControl
2316,Service-Design
2317,MusicPlay
2318,Movie-Library
2319,WidgetServerControl
2320,ClockProgram
2321,VideoClip-Play
2322,Movie-Query
2323,Audio-Player
2324,Air-Start
2325,Travel-Connection-Services
2326,Flight-Order-Sales-Query
2327,AudioAlbum-Play(Instrumental-Play)
2328,TelephoneQuery
2329,Music-Play.Download
2330,ListenAudio
2331,ConnectionSearchTask-Info
2332,Bus-Update
2333,Audio-Library
2334,Searcher
2335,Listen
2336,Travel-GPS.h
2337,Stream-Play-Play
2338,MediaPlayer
2339,Video-Play
2340,RouteSchedule
2341,Browser-linking
2342,SWF-Player
2343,Photo-Lib
2344,Date-Query
2345,DatePicker
2346,Calendar-Query
2347,VideoPlay
2348,Listen-AuditionPlayer
2349,ClockUpdate-Control
2350,Weather-Query
2351,DateQuery
2352,Network-Query
2353,SmartBrowser-Help
2354,GeoQueryUpdate
2355,PlayTime
2356,TimePlanner
2357,SmartTime
2358,Function-Check
2359,Widget-Query
2360,AudioContentLibrary
2361,PhotographyQuery
2362,Player-Manager-Player
2363,MusicPlayRemix
2364,TeleCom-Talk
2365,RSS-Feed
2366,Time-WatchAction
2367,Map-Query
2368,Video-Play
2369,Radio-Listen
2370,Publish
2371,Radio-Play
2372,Find-Right
2373,Video-Action
2374,OCR-Writer
2375,Spotify
2376,VideoPlay
2377,Audio-Play-Audio
2378,Audio-Play
2379,VideoSetting
2380,WatchQuery
2381,Widget
2382,Widget-Image-Setup
2383,Utility-Control-Query
2384,Pilot
2385,TinyEdit
2386,SWF-Player-Video-Multi-Play
2387,NewsUpdate
2388,Premiere-Load
2389,EventTimer
2390,Premiere-Play
2391,Call-Call-Phone-Call
2392,Weather-Query
2393,MusicPlay-Play
2394,AuditedImage
2395,Appendix-PlayerListen
2396,Task.Renderer
2397,Weather-Query
2398,ListenRadio
2399,Client-Mode
2400,Appendix-Query
2401,News-Reader
2402,Player
2403,VideoPlay.XviD
2404,Player-Listen
2405,Widget-Control
2406,SocialImageEdit
2407,Widget-Event-Listen
2408,Audio-Play
2409,Weather-Query
2410,VideoPlay
2411,ClockClock
2412,VideoGallery
2413,MediaPlay
2414,Radio-Play
2415,DateProvider
2416,AlbumViewer
2417,Video-Play
2418,Client-Query
2419,Report-Report
2420,Multi-Radio
2421,Local-Search.net
2422,Sports.Info
2423,Audio-Play
2424,Radio-Source-Listen
2425,Services-Telechat
2426,Weather-Query
2427,MediaPlay
2428,Timer-Query
2429,RemoteTemperatureUpdate
2430,Date.Query
2431,Access-Control
2432,TaskPack
2433,AudioPlay
2434,ClockUpdate
2435,Action-Control
2436,Transport-Meeting
2437,ScreenPlayTask
2438,NewsRadioEdit
2439,DatabaseCheckUp
2440,PlayerPlayer
2441,ControlModel
2442,Maps-MapQuery
2443,TaskMonitor.ini
2444,Media-Update
2445,Widget-Build
2446,PlayerVideoRip
2447,TimeSet
2448,ReportControl
2449,Camera-Play
2450,Widget-Change
2451,Music-Play-Listen
2452,MediaPlayerAPK
2453,TravelBook-Travel
2454,Video-Play
2455,Weather-Database
2456,Math-Query
2457,ScreenPlay
2458,Film-Play
2459,VideoCopy
2460,Weather-Query
2461,Security-Help.Web
2462,Video-Play
2463,VideoDownload
2464,Audio-Play
2465,Radio-Listen
2466,Query
2467,TemperatureQuery
2468,NTP-Search
2469,Weather-Query
2470,Simple-Query
2471,Recording
2472,Music-Play-Play
2473,MotionClip
2474,Transport-Route-Info
2475,TimerAdd-Timer
2476,Widget-Reporter
2477,PhotoshopInfo.Create
2478,TelevisionMonitoring
2479,Browser-Play
2480,ShowVideo-Play
2481,Map-Query
2482,RadioPlayVideo
2483,Audio-Play
2484,Video-Play
2485,Video-Play
2486,MusicFactory
2487,Premiere+Player-Play
2488,VideoImageFiles
2489,Widget-Manager
2490,VideoClip
2491,Music-Download
2492,AudioListen
2493,SearchQuery
2494,WeatherQuery
2495,Monitor
2496,AudioListen.bat
2497,WeatherQuery
2498,Client-Based-Banking-Message-Recording
2499,Brainscape
2500,Travel-Query
2501,Story-Editor
2502,Streaming-Download
2503,Music-Play
2504,VideoMatcher
2505,Query
2506,Audio-Play
2507,MovieShow-Stream
2508,Listen
2509,Viewer
2510,Broadcast-Play
2511,UpdateWatch
2512,Script-Play
2513,VideoShow
2514,QuickTime-Update-Query
2515,RadioAppliance-Update
2516,Sound-Play
2517,Video-Loadable
2518,Weather-Query
2519,WatchRadio
2520,AnimationAnimation
2521,Widget-Info
2522,MusicRadio-Listen
2523,Video-Quality-Player-Movie-Play
2524,Query
2525,ListenPlayer
2526,Control.ini
2527,Audio-Stream-Play
2528,TemperatureControl
2529,Audio-Listen
2530,FilmVariety-Like.Broadcast
2531,ClockBuilder
2532,VideoLook-Play
2533,Audio-Play
2534,ShoppingView
2535,Weather-Monitoring
2536,Camera-Short-Film
2537,Animation-Play-Stream
2538,DramaVideo
2539,Study-Query
2540,QueryQuery
2541,MediaPlayer-Listen
2542,Pubcast-Listen.Broadcast
2543,Weather-Update-Query
2544,VideoActionScript
2545,Maps-Query
2546,Audio-Play
2547,VideoLinkUpload
2548,LiveListen
2549,Control-Control-Control-Control
2550,Music-Play
2551,Weather-Connection
2552,ComedyPlay
2553,SWF-Play
2554,Music-Play
2555,QueryPlay-Show-QueryShowServices
2556,MovieFilmSearch
2557,Image-Edit
2558,WidgetItem
2559,ScreenPlayStream
2560,SoundPicker
2561,NewsWeek
2562,Media-Player
2563,
2564,Weather-Insight
2565,Services
2566,ListenRadio
2567,News-Play
2568,Widget-Download
2569,Server-Query
2570,MediaPlayer
2571,Airplane-Query
2572,Query
2573,Audio-Library
2574,StoryLoader
2575,Client-Voice-Listen
2576,Library-Play
2577,Cinema-Video-Movie-Collection
2578,Look-Out
2579,RadioMultimediaRadio
2580,Video-Show
2581,Audio-Play
2582,ContentPlayer-Player-MediaPlayer
2583,WeatherUpdate
2584,Video-Play
2585,WeatherQuery
2586,Library-Online-Listen
2587,Search-Query
2588,Travel-Info
2589,Widget.exe
2590,Discovery-MediaPlayer
2591,Banking-Check-TextQuery
2592,Radio-Locator.Radio-Locator
2593,SWF-Play
2594,Library-Play
2595,Apply
2596,VideoPlay
2597,Query-Model
2598,RadioListen
2599,Widget
2600,Travel-Query
2601,MusicPlay
2602,MediaQuery-MediaQuery
2603,Car-Query
2604,Weather-Observation
2605,Publucing-Blog-Feed
2606,Map-Trace
2607,Widget-ModeSync-Control
2608,Stream-Player-Play
2609,UserManual
2610,Event-Making
2611,Weather-in-a-Memory
2612,Listen-Listen
2613,FilmStreamReleaseLibrary
2614,VideoPlay
2615,Program-Play
2616,Video-A-Play
2617,Date-Discovery
2618,Video-Play-Show
2619,NewsReader
2620,MediaNews-Query
2621,ClockWidget
2622,Music-Play-Script
2623,VideoClip
2624,MediaNews
2625,Network-Monitoring-Query
2626,Camera-Capture
2627,Document-View
2628,Movie-Video-Play
2629,ViewerServices-WebBrowser
2630,TrainSpy
2631,SWF-Play
2632,TextObject
2633,AlbumLoop
2634,FlagDate
2635,PushControl
2636,MediaPlayer
2637,Send-ShareSend-File-Copy-Send
2638,Home-Control
2639,Video-Play
2640,GeoQuery
2641,MediaPlayer-Play
2642,Video-Play
2643,SWF-Play
2644,MediaPlayerQuery
2645,Radio-Listen
2646,SWF
2647,Audio-Play
2648,Video-FeedFeed
2649,ReportEdit
2650,ControlModel
2651,Video-Play
2652,Sports-Search
2653,Weather-Measurement
2654,Smart-Build
2655,GeoCalendar
2656,TransportTrain
2657,ClockSetUpdate
2658,WeatherSimulation.Info
2659,Clip-Talk
2660,Listen
2661,Radio-Query
2662,Widget
2663,Apply-Play
2664,LibraryService
2665,Weather-Weather
2666,DateTimeResearch
2667,Timer-Play
2668,SWFLibrary
2669,Video-Play
2670,ImagePlayMoviePlayer
2671,Broadcast-Player-Play
2672,Widget-Play
2673,FamilySitting
2674,WeatherRadar
2675,Multimedia-Search
2676,VideoPlay
2677,Football-Show-Download
2678,Education
2679,Talk
2680,RadioPlay-FM
2681,ApplicanceInfo
2682,Date-Learning
2683,MultimediaMP3Library-Listen
2684,WeatherSensor
2685,Timer-Studio
2686,Television-Play
2687,Spotify-Home-Play
2688,Conservation-Show
2689,AUX-Listen
2690,Music-Play
2691,Weather-Query
2692,Weather-Query
2693,-GridInfo
2694,Query
2695,Route-Planning
2696,KitchenControl
2697,Library-Service
2698,VideoQuery
2699,MediaPlayer
2700,Servive-Play
2701,Music-Play
2702,SchoolPlan
2703,SocialMediaNews
2704,RouteQuery
2705,Timer.Date-Query
2706,VideoPlay
2707,AlbumMusic-Play
2708,ShowLink.Create
2709,TV-PlayShow-Play
2710,Audio-Play
2711,TravelFile
2712,Infometric
2713,Listen-Listen
2714,Widget
2715,Weather-Info
2716,PlayFilm-Play
2717,Railway-Info-Query
2718,Search
2719,Log-Play
2720,Small-File-Process
2721,Audio-ConferenceViewer
2722,FilmFilmArtist
2723,Radio-Broadcast-Audition-Play
2724,SoundLoad
2725,Education-Learning
2726,Math-Query
2727,Premiere-Listen
2728,Comedy-Play
2729,MoviePlay
2730,Manager-View
2731,Audio-PlayDownload
2732,AudioSoundPlay
2733,Video-Play
2734,Spotify-Music
2735,Video-Clip
2736,ListenAppendix
2737,ClockSet
2738,Comedy-Insight-Mix
2739,Copy-Share
2740,Health-Check
2741,LinkPlayer-LinkFramework
2742,Planning-Query
2743,NewsMedia
2744,MediaSearch
2745,CallManagerCall-SendMessage
2746,Radio-Listen-Play
2747,Listen-Play
2748,ShowFilm.asml
2749,MediaPlay
2750,Software-OwnedEvent
2751,Control-Control
2752,SWF-Player-Play
2753,Weather-Query
2754,Travel-Review
2755,MediaPlayer
2756,VideoQuery
2757,Mix
2758,Multimedia-View
2759,Listen-Listen
2760,Adobe-Edit
2761,ScreenPlay
2762,TimerTask
2763,ImageLooker
2764,DateScheduling
2765,Weather-Query
2766,Video-Play
2767,Video-Play-Play
2768,Video-Play
2769,Video-Play
2770,QueryItemModel.LastControls
2771,Video-Play
2772,TravelPlan
2773,WidgetMessage
2774,VideoLoop-Linked
2775,WeatherMonitor
2776,Video-Play
2777,VideoConverterFilter
2778,AdvancedGame
2779,Broadcast-Show
2780,Guide
2781,Travel-Query
2782,Weather-Query
2783,ScriptTools.Listen
2784,RadioListen
2785,Video-Play
2786,Query
2787,Consumer-Talk
2788,ImagePictography
2789,Music-Play
2790,QuickFilm-Player-Library-Program
2791,Video-Video-Like-Film
2792,Album-Sound-Stream
2793,LibraryLogon-Text
2794,Listen-Play
2795,Local-Timer-Starters
2796,VideoRip
2797,VideoNetwork
2798,TimerQuery
2799,GlobalSearch
2800,Date-Query
2801,Public
2802,RouteSearch-Query
2803,Social-Media-News-Show
2804,TimeSearch
2805,Tele-Query
2806,MusicVideo-Click
2807,Video-Watch
2808,VideoPlayer-Download
2809,Listen-Recording
2810,Listen.Play
2811,Travel-Control
2812,Weather-Query
2813,ClockClock
2814,Listen
2815,Video-Player
2816,Update-Update
2817,StreamRecord
2818,Utility-Open
2819,Widget-Install
2820,Audio-Control
2821,Weather-Query
2822,Listen
2823,Weather-Query
2824,MediaPlayerPlayer
2825,CleanDialog.util
2826,Premiere-Video_Download
2827,Weather-View
2828,Widget
2829,ClockClockAdded
2830,Player-Out-Display
2831,Print
2832,Audio-Play
2833,DocumentMusicLibrary-Video-Play
2834,Widget
2835,TextWriter
2836,Media-PlayShow
2837,Listen-Listen
2838,Writing-Topics-Query
2839,NewsView
2840,Discovery-Media-Player
2841,StreamPlayer
2842,TravelManager
2843,Video-Play
2844,Sound-Play-Start
2845,Music-Play
2846,Weather-Query
2847,Weather-Control
2848,Weather-Bulletin
2849,LibraryScript-Player
2850,Player-Play
2851,MPEG-Play
2852,Multi-Event-Query
2853,ScreenShot
2854,WeatherQuery
2855,Social
2856,Video-Premiere
2857,DateClock
2858,Audio-Play
2859,Steam-Mix
2860,Broadcast-Media-Listen
2861,DesktopInfoQuery
2862,News-Text
2863,UpdateControl
2864,Global-Thread
2865,BroadcastStudio
2866,Video-Play
2867,Motion-Play-Play
2868,ReportHelp
2869,Widget
2870,播放-Stream
2871,TravelQuery
2872,SWFView-Video
2873,Timer-Update
2874,Premiere-Play
2875,EntryQuery
2876,AudioRadioListen
2877,AutomationControl
2878,WatchTime-View
2879,Check-in
2880,RadioListen
2881,Music-Play
2882,Widget
2883,Weather-Viewer
2884,Multimedia-Audio
2885,ImageQuery
2886,SWF-Download
2887,ScreenPlay
2888,StatInfo
2889,MediaPlayer
2890,Video-Look
2891,Library-Play
2892,WeatherAppropriate
2893,AudioPlay
2894,Clean-Control
2895,Travel-Info
2896,RadioRadioListen
2897,Video-Play
2898,MediaPlayer
2899,Video-Play
2900,SWF-Play
2901,RadioListen
2902,ListenBroadcast
2903,FindCity
2904,WeatherMonitorData
2905,Widget
2906,Platform-Query
2907,Train-Search
2908,Sound-Player-Download
2909,Timer-Config-Tool-Control-Timer
2910,Broadcast-Query
2911,Widget-Query
2912,Weather-Query
2913,Music-PlayScript-Task
2914,ClassCenter-Play
2915,AudioPlayVideo
2916,Comedy-Play
2917,CleanAir-Out
2918,ImageEdit
2919,Walkguide.Help
2920,Spy-Smart
2921,Spring-Show-Play
2922,Watch-Play
2923,RadioPlayer
2924,Route-Based-Search
2925,Weather-TemperatureWeather-Image
2926,Trend-Query
2927,LibrarySearch
2928,VideoPlay-Play
2929,VideoLibrary-Play
2930,Stream-Learning
2931,ListenApply-audio
2932,Listen-Listen
2933,Remote-Access-Client
2934,WeatherGuide
2935,Project Services
2936,Broadcast-Discovery
2937,WidgetQuery
2938,Utility
2939,CarPlayDriver-Design
2940,CameraQuery
2941,Video-Play
2942,AlbumPlay
2943,Query-Query
2944,ProducerSoundRelease
2945,Widget
2946,RoutePlanner
2947,HomeApplicablePlanning
2948,Art-Stat
2949,Weather-Query
2950,Widget-Based
2951,Player-Play-Play
2952,Service-Manager
2953,VideoPlayer
2954,Movie-PlayMovie
2955,AudioVideoVideo
2956,Player-Play
2957,Measurement-Query
2958,Weather-Query
2959,AirportMaps-Search
2960,Weather-MapQuery
2961,Video-Show
2962,DramaAudioStudio
2963,AudioPlayerDownload
2964,ClockDatabaseQuery
2965,ListenRadio
2966,Video-Play
2967,Audio.Listen
2968,Library-Assisted-Query-Search
2969,Video-Player
2970,Audio-Play-Play
2971,Sound-Play_Listen
2972,MediaPlayer
2973,ClockWidget
2974,AudioMediaPlayer
2975,VideoPlayer
2976,SendTalk
2977,VideoAsync-Video
2978,Audio-Listen
2979,ASX-MediaPlayer
2980,VideoQuery
2981,MediaPlayerVFX
2982,Video-Listen-Query
2983,SWF-Play
2984,Video-Play
2985,Authoritative-Query
2986,FictionScriptWriting
2987,Utility-Boost-Manager.Win
2988,Broadcast-Feed
2989,TravelManager
2990,Radio.Radio-Radio
2991,Social-Search
2992,Remix-Play
2993,Video-Play
2994,Fixer
2995,Weather-Query
2996,Music-Play
2997,Player-Play
2998,MusicPlay
2999,Video-Download
3000,BroadcastReport
