Id,Category
1,TVProgram-Play
2,HomeAppliance-Control
3,Audio-Play
4,Alarm-Update
5,HomeAppliance-Control
6,FilmTele-Play
7,FilmTele-Play
8,Music-Play
9,Calendar-Query
10,Video-Play
11,Alarm-Update
12,Music-Play
13,Travel-Query
14,TVProgram-Play
15,Radio-Listen
16,Alarm-Update
17,Video-Play
18,Weather-Query
19,Calendar-Query
20,Calendar-Query
21,Video-Play
22,FilmTele-Play
23,Weather-Query
24,Alarm-Update
25,Weather-Query
26,Other
27,TVProgram-Play
28,Video-Play
29,Music-Play
30,Alarm-Update
31,Calendar-Query
32,Music-Play
33,Radio-Listen
34,Video-Play
35,Radio-Listen
36,Video-Play
37,Video-Play
38,Video-Play
39,Other
40,Video-Play
41,Weather-Query
42,Radio-Listen
43,HomeAppliance-Control
44,Music-Play
45,Audio-Play
46,Calendar-Query
47,Alarm-Update
48,Other
49,Travel-Query
50,Calendar-Query
51,Travel-Query
52,Other
53,Weather-Query
54,Audio-Play
55,Radio-Listen
56,Calendar-Query
57,Radio-Listen
58,Travel-Query
59,Music-Play
60,Travel-Query
61,Weather-Query
62,FilmTele-Play
63,FilmTele-Play
64,Video-Play
65,TVProgram-Play
66,Radio-Listen
67,Video-Play
68,Other
69,Video-Play
70,FilmTele-Play
71,Music-Play
72,Calendar-Query
73,Other
74,Radio-Listen
75,Travel-Query
76,Audio-Play
77,Video-Play
78,Radio-Listen
79,Video-Play
80,Other
81,FilmTele-Play
82,Travel-Query
83,Music-Play
84,HomeAppliance-Control
85,FilmTele-Play
86,Video-Play
87,Travel-Query
88,Calendar-Query
89,Other
90,Music-Play
91,Travel-Query
92,Alarm-Update
93,FilmTele-Play
94,Video-Play
95,Music-Play
96,Weather-Query
97,Calendar-Query
98,TVProgram-Play
99,FilmTele-Play
100,Radio-Listen
101,Other
102,Other
103,Music-Play
104,Video-Play
105,Audio-Play
106,Alarm-Update
107,FilmTele-Play
108,Other
109,Weather-Query
110,Weather-Query
111,Audio-Play
112,Audio-Play
113,HomeAppliance-Control
114,Alarm-Update
115,Video-Play
116,Other
117,Other
118,TVProgram-Play
119,Calendar-Query
120,Video-Play
121,Other
122,Alarm-Update
123,Calendar-Query
124,Audio-Play
125,TVProgram-Play
126,TVProgram-Play
127,Travel-Query
128,Audio-Play
129,Alarm-Update
130,FilmTele-Play
131,Calendar-Query
132,TVProgram-Play
133,Alarm-Update
134,Video-Play
135,Audio-Play
136,Video-Play
137,Weather-Query
138,Music-Play
139,Music-Play
140,Other
141,Travel-Query
142,Video-Play
143,FilmTele-Play
144,Alarm-Update
145,TVProgram-Play
146,Calendar-Query
147,HomeAppliance-Control
148,FilmTele-Play
149,Calendar-Query
150,Alarm-Update
151,Radio-Listen
152,Travel-Query
153,Music-Play
154,HomeAppliance-Control
155,Radio-Listen
156,Calendar-Query
157,Video-Play
158,Video-Play
159,FilmTele-Play
160,Video-Play
161,Radio-Listen
162,Alarm-Update
163,Calendar-Query
164,Audio-Play
165,HomeAppliance-Control
166,Radio-Listen
167,FilmTele-Play
168,Music-Play
169,Travel-Query
170,Calendar-Query
171,Alarm-Update
172,HomeAppliance-Control
173,Other
174,Alarm-Update
175,Alarm-Update
176,Weather-Query
177,Calendar-Query
178,HomeAppliance-Control
179,Alarm-Update
180,Video-Play
181,Other
182,Alarm-Update
183,Alarm-Update
184,HomeAppliance-Control
185,Audio-Play
186,HomeAppliance-Control
187,Other
188,Audio-Play
189,Music-Play
190,Calendar-Query
191,FilmTele-Play
192,Video-Play
193,Other
194,TVProgram-Play
195,Calendar-Query
196,Other
197,Music-Play
198,Radio-Listen
199,HomeAppliance-Control
200,Alarm-Update
201,TVProgram-Play
202,Other
203,Radio-Listen
204,Other
205,Travel-Query
206,Other
207,Other
208,Other
209,Other
210,Calendar-Query
211,Alarm-Update
212,Radio-Listen
213,Music-Play
214,HomeAppliance-Control
215,Radio-Listen
216,Alarm-Update
217,HomeAppliance-Control
218,Other
219,Alarm-Update
220,FilmTele-Play
221,Weather-Query
222,Travel-Query
223,Radio-Listen
224,Music-Play
225,Calendar-Query
226,Other
227,Weather-Query
228,Radio-Listen
229,Radio-Listen
230,TVProgram-Play
231,Video-Play
232,Travel-Query
233,Calendar-Query
234,Radio-Listen
235,Alarm-Update
236,FilmTele-Play
237,Audio-Play
238,Other
239,Alarm-Update
240,Radio-Listen
241,Alarm-Update
242,Music-Play
243,Weather-Query
244,Video-Play
245,Video-Play
246,FilmTele-Play
247,Video-Play
248,FilmTele-Play
249,TVProgram-Play
250,Audio-Play
251,Video-Play
252,Other
253,Alarm-Update
254,Travel-Query
255,Radio-Listen
256,Calendar-Query
257,TVProgram-Play
258,Alarm-Update
259,Alarm-Update
260,Video-Play
261,Travel-Query
262,FilmTele-Play
263,Music-Play
264,FilmTele-Play
265,Other
266,Video-Play
267,Calendar-Query
268,Audio-Play
269,HomeAppliance-Control
270,Weather-Query
271,Alarm-Update
272,Video-Play
273,Radio-Listen
274,Travel-Query
275,Audio-Play
276,HomeAppliance-Control
277,HomeAppliance-Control
278,Radio-Listen
279,Alarm-Update
280,Music-Play
281,Music-Play
282,Calendar-Query
283,Travel-Query
284,Other
285,Weather-Query
286,FilmTele-Play
287,Music-Play
288,Other
289,Other
290,Weather-Query
291,TVProgram-Play
292,Alarm-Update
293,Music-Play
294,Video-Play
295,Other
296,Radio-Listen
297,Video-Play
298,Video-Play
299,Radio-Listen
300,HomeAppliance-Control
301,Radio-Listen
302,Weather-Query
303,Video-Play
304,Music-Play
305,Alarm-Update
306,FilmTele-Play
307,Travel-Query
308,Other
309,Other
310,Video-Play
311,Radio-Listen
312,Weather-Query
313,Music-Play
314,Video-Play
315,FilmTele-Play
316,Weather-Query
317,Other
318,Calendar-Query
319,Travel-Query
320,Radio-Listen
321,Audio-Play
322,TVProgram-Play
323,Calendar-Query
324,Audio-Play
325,Other
326,Other
327,HomeAppliance-Control
328,FilmTele-Play
329,HomeAppliance-Control
330,Other
331,Radio-Listen
332,Other
333,Other
334,FilmTele-Play
335,HomeAppliance-Control
336,Other
337,HomeAppliance-Control
338,Video-Play
339,Audio-Play
340,FilmTele-Play
341,Radio-Listen
342,Video-Play
343,Other
344,Music-Play
345,Calendar-Query
346,HomeAppliance-Control
347,Other
348,HomeAppliance-Control
349,Calendar-Query
350,Radio-Listen
351,HomeAppliance-Control
352,FilmTele-Play
353,Radio-Listen
354,Audio-Play
355,Alarm-Update
356,Weather-Query
357,HomeAppliance-Control
358,Video-Play
359,Other
360,Calendar-Query
361,Radio-Listen
362,Other
363,Travel-Query
364,Radio-Listen
365,Video-Play
366,Other
367,Radio-Listen
368,FilmTele-Play
369,Radio-Listen
370,Audio-Play
371,Weather-Query
372,Radio-Listen
373,FilmTele-Play
374,Radio-Listen
375,Other
376,Other
377,HomeAppliance-Control
378,Other
379,Weather-Query
380,Travel-Query
381,Travel-Query
382,Radio-Listen
383,Travel-Query
384,TVProgram-Play
385,Music-Play
386,Other
387,Weather-Query
388,Audio-Play
389,Radio-Listen
390,Audio-Play
391,Audio-Play
392,Travel-Query
393,Audio-Play
394,Alarm-Update
395,TVProgram-Play
396,Audio-Play
397,FilmTele-Play
398,Calendar-Query
399,Weather-Query
400,Other
401,Audio-Play
402,HomeAppliance-Control
403,Music-Play
404,Alarm-Update
405,Radio-Listen
406,TVProgram-Play
407,Music-Play
408,TVProgram-Play
409,Calendar-Query
410,Other
411,Music-Play
412,Music-Play
413,Video-Play
414,Calendar-Query
415,Calendar-Query
416,Alarm-Update
417,Alarm-Update
418,Alarm-Update
419,TVProgram-Play
420,Audio-Play
421,Music-Play
422,TVProgram-Play
423,Calendar-Query
424,Video-Play
425,Radio-Listen
426,Audio-Play
427,Radio-Listen
428,Radio-Listen
429,Music-Play
430,TVProgram-Play
431,Alarm-Update
432,Other
433,Travel-Query
434,HomeAppliance-Control
435,Music-Play
436,Video-Play
437,Calendar-Query
438,Weather-Query
439,Alarm-Update
440,Calendar-Query
441,Music-Play
442,Calendar-Query
443,Other
444,Alarm-Update
445,Weather-Query
446,Video-Play
447,Alarm-Update
448,HomeAppliance-Control
449,Audio-Play
450,Radio-Listen
451,Music-Play
452,Other
453,Radio-Listen
454,TVProgram-Play
455,Video-Play
456,Video-Play
457,Weather-Query
458,Radio-Listen
459,FilmTele-Play
460,Travel-Query
461,Travel-Query
462,Other
463,Weather-Query
464,Music-Play
465,Weather-Query
466,Video-Play
467,Other
468,Video-Play
469,Video-Play
470,Travel-Query
471,Music-Play
472,Calendar-Query
473,Other
474,Alarm-Update
475,Alarm-Update
476,Video-Play
477,Music-Play
478,Music-Play
479,Audio-Play
480,Other
481,Travel-Query
482,TVProgram-Play
483,FilmTele-Play
484,HomeAppliance-Control
485,HomeAppliance-Control
486,Video-Play
487,FilmTele-Play
488,FilmTele-Play
489,Other
490,Travel-Query
491,Alarm-Update
492,Other
493,Other
494,Calendar-Query
495,Video-Play
496,Audio-Play
497,Alarm-Update
498,Audio-Play
499,TVProgram-Play
500,Video-Play
501,FilmTele-Play
502,Weather-Query
503,FilmTele-Play
504,FilmTele-Play
505,Alarm-Update
506,Travel-Query
507,FilmTele-Play
508,TVProgram-Play
509,Other
510,FilmTele-Play
511,Travel-Query
512,Music-Play
513,Radio-Listen
514,Video-Play
515,HomeAppliance-Control
516,Audio-Play
517,Weather-Query
518,Other
519,Video-Play
520,TVProgram-Play
521,Audio-Play
522,FilmTele-Play
523,Radio-Listen
524,FilmTele-Play
525,Weather-Query
526,Alarm-Update
527,Video-Play
528,HomeAppliance-Control
529,Travel-Query
530,Travel-Query
531,Audio-Play
532,Calendar-Query
533,Audio-Play
534,Travel-Query
535,Video-Play
536,Video-Play
537,HomeAppliance-Control
538,Video-Play
539,Other
540,Weather-Query
541,Radio-Listen
542,Other
543,Other
544,Weather-Query
545,Audio-Play
546,Other
547,Alarm-Update
548,Radio-Listen
549,Calendar-Query
550,Calendar-Query
551,Other
552,Travel-Query
553,Music-Play
554,Music-Play
555,Radio-Listen
556,Video-Play
557,Other
558,FilmTele-Play
559,HomeAppliance-Control
560,Travel-Query
561,Calendar-Query
562,HomeAppliance-Control
563,Alarm-Update
564,Other
565,Music-Play
566,HomeAppliance-Control
567,Video-Play
568,Video-Play
569,FilmTele-Play
570,Alarm-Update
571,Music-Play
572,HomeAppliance-Control
573,Music-Play
574,Video-Play
575,Alarm-Update
576,Audio-Play
577,Alarm-Update
578,Travel-Query
579,Calendar-Query
580,TVProgram-Play
581,Calendar-Query
582,Video-Play
583,FilmTele-Play
584,Radio-Listen
585,TVProgram-Play
586,TVProgram-Play
587,Weather-Query
588,Other
589,TVProgram-Play
590,Other
591,Other
592,FilmTele-Play
593,Calendar-Query
594,Other
595,Video-Play
596,Alarm-Update
597,FilmTele-Play
598,TVProgram-Play
599,FilmTele-Play
600,Music-Play
601,Other
602,FilmTele-Play
603,Alarm-Update
604,Travel-Query
605,Travel-Query
606,Travel-Query
607,Music-Play
608,FilmTele-Play
609,HomeAppliance-Control
610,FilmTele-Play
611,HomeAppliance-Control
612,Music-Play
613,TVProgram-Play
614,HomeAppliance-Control
615,Calendar-Query
616,Calendar-Query
617,Video-Play
618,Other
619,Radio-Listen
620,Weather-Query
621,Travel-Query
622,Audio-Play
623,Music-Play
624,Weather-Query
625,Radio-Listen
626,Travel-Query
627,Video-Play
628,TVProgram-Play
629,Calendar-Query
630,Other
631,Alarm-Update
632,Radio-Listen
633,FilmTele-Play
634,Weather-Query
635,Radio-Listen
636,Audio-Play
637,Weather-Query
638,FilmTele-Play
639,Audio-Play
640,Video-Play
641,Weather-Query
642,Audio-Play
643,Radio-Listen
644,Travel-Query
645,Music-Play
646,HomeAppliance-Control
647,Alarm-Update
648,TVProgram-Play
649,Music-Play
650,Calendar-Query
651,Weather-Query
652,Video-Play
653,Audio-Play
654,Audio-Play
655,Other
656,HomeAppliance-Control
657,Music-Play
658,Calendar-Query
659,Travel-Query
660,HomeAppliance-Control
661,TVProgram-Play
662,Radio-Listen
663,Other
664,FilmTele-Play
665,HomeAppliance-Control
666,Other
667,FilmTele-Play
668,Radio-Listen
669,Music-Play
670,HomeAppliance-Control
671,Weather-Query
672,TVProgram-Play
673,FilmTele-Play
674,TVProgram-Play
675,Video-Play
676,Alarm-Update
677,FilmTele-Play
678,FilmTele-Play
679,Other
680,Alarm-Update
681,Other
682,Music-Play
683,Weather-Query
684,Weather-Query
685,FilmTele-Play
686,Video-Play
687,Other
688,HomeAppliance-Control
689,Music-Play
690,Video-Play
691,Calendar-Query
692,Other
693,Other
694,Calendar-Query
695,TVProgram-Play
696,Video-Play
697,Video-Play
698,FilmTele-Play
699,Travel-Query
700,FilmTele-Play
701,HomeAppliance-Control
702,Radio-Listen
703,Audio-Play
704,Radio-Listen
705,Other
706,Travel-Query
707,Radio-Listen
708,Radio-Listen
709,HomeAppliance-Control
710,Weather-Query
711,Audio-Play
712,FilmTele-Play
713,FilmTele-Play
714,Calendar-Query
715,Weather-Query
716,TVProgram-Play
717,Alarm-Update
718,Other
719,Travel-Query
720,Video-Play
721,TVProgram-Play
722,HomeAppliance-Control
723,TVProgram-Play
724,Other
725,Alarm-Update
726,HomeAppliance-Control
727,Radio-Listen
728,Weather-Query
729,Travel-Query
730,Radio-Listen
731,Radio-Listen
732,Alarm-Update
733,HomeAppliance-Control
734,Other
735,Audio-Play
736,TVProgram-Play
737,TVProgram-Play
738,TVProgram-Play
739,Other
740,Calendar-Query
741,HomeAppliance-Control
742,Video-Play
743,Radio-Listen
744,Alarm-Update
745,Music-Play
746,FilmTele-Play
747,Weather-Query
748,Radio-Listen
749,Travel-Query
750,Calendar-Query
751,Other
752,Calendar-Query
753,TVProgram-Play
754,Calendar-Query
755,Alarm-Update
756,Audio-Play
757,Weather-Query
758,FilmTele-Play
759,Alarm-Update
760,FilmTele-Play
761,Weather-Query
762,Travel-Query
763,Audio-Play
764,FilmTele-Play
765,Travel-Query
766,Video-Play
767,Music-Play
768,TVProgram-Play
769,Audio-Play
770,Radio-Listen
771,Music-Play
772,Alarm-Update
773,TVProgram-Play
774,TVProgram-Play
775,Calendar-Query
776,Weather-Query
777,Video-Play
778,Music-Play
779,Weather-Query
780,Travel-Query
781,Weather-Query
782,TVProgram-Play
783,Audio-Play
784,Travel-Query
785,Video-Play
786,Video-Play
787,Radio-Listen
788,Music-Play
789,Audio-Play
790,Other
791,Other
792,Radio-Listen
793,FilmTele-Play
794,Calendar-Query
795,Calendar-Query
796,Travel-Query
797,Calendar-Query
798,Calendar-Query
799,HomeAppliance-Control
800,TVProgram-Play
801,Music-Play
802,Other
803,FilmTele-Play
804,Audio-Play
805,Radio-Listen
806,Other
807,TVProgram-Play
808,Music-Play
809,Alarm-Update
810,HomeAppliance-Control
811,TVProgram-Play
812,Music-Play
813,Radio-Listen
814,FilmTele-Play
815,Music-Play
816,Video-Play
817,Calendar-Query
818,Other
819,Video-Play
820,FilmTele-Play
821,FilmTele-Play
822,Weather-Query
823,Radio-Listen
824,Weather-Query
825,Alarm-Update
826,Calendar-Query
827,Weather-Query
828,Weather-Query
829,Alarm-Update
830,Music-Play
831,Video-Play
832,Other
833,Weather-Query
834,Weather-Query
835,Weather-Query
836,Music-Play
837,Radio-Listen
838,Travel-Query
839,Other
840,Other
841,Alarm-Update
842,Other
843,HomeAppliance-Control
844,Music-Play
845,Calendar-Query
846,Travel-Query
847,HomeAppliance-Control
848,FilmTele-Play
849,Travel-Query
850,Other
851,TVProgram-Play
852,Other
853,Other
854,Travel-Query
855,Travel-Query
856,FilmTele-Play
857,TVProgram-Play
858,Music-Play
859,Music-Play
860,Radio-Listen
861,Travel-Query
862,Video-Play
863,Alarm-Update
864,TVProgram-Play
865,Alarm-Update
866,Video-Play
867,Music-Play
868,Travel-Query
869,Radio-Listen
870,TVProgram-Play
871,TVProgram-Play
872,Other
873,Travel-Query
874,Travel-Query
875,Calendar-Query
876,Alarm-Update
877,Radio-Listen
878,FilmTele-Play
879,Music-Play
880,Audio-Play
881,Other
882,Video-Play
883,Weather-Query
884,FilmTele-Play
885,TVProgram-Play
886,TVProgram-Play
887,Weather-Query
888,HomeAppliance-Control
889,FilmTele-Play
890,Travel-Query
891,Audio-Play
892,Music-Play
893,Other
894,TVProgram-Play
895,HomeAppliance-Control
896,Radio-Listen
897,Music-Play
898,Weather-Query
899,Alarm-Update
900,Other
901,Music-Play
902,Alarm-Update
903,HomeAppliance-Control
904,Music-Play
905,TVProgram-Play
906,Video-Play
907,Music-Play
908,Radio-Listen
909,Other
910,Other
911,Other
912,Weather-Query
913,Other
914,Calendar-Query
915,Calendar-Query
916,Other
917,Other
918,Other
919,Audio-Play
920,Travel-Query
921,Calendar-Query
922,Calendar-Query
923,Weather-Query
924,Calendar-Query
925,Travel-Query
926,Calendar-Query
927,Music-Play
928,Travel-Query
929,Travel-Query
930,Calendar-Query
931,Weather-Query
932,Travel-Query
933,Other
934,Travel-Query
935,Calendar-Query
936,Audio-Play
937,Alarm-Update
938,FilmTele-Play
939,FilmTele-Play
940,Travel-Query
941,Calendar-Query
942,Travel-Query
943,Calendar-Query
944,Video-Play
945,Other
946,HomeAppliance-Control
947,HomeAppliance-Control
948,Alarm-Update
949,Audio-Play
950,Other
951,Audio-Play
952,Audio-Play
953,Radio-Listen
954,Music-Play
955,HomeAppliance-Control
956,Weather-Query
957,Other
958,Audio-Play
959,Travel-Query
960,FilmTele-Play
961,Radio-Listen
962,Alarm-Update
963,Other
964,Other
965,Audio-Play
966,Music-Play
967,FilmTele-Play
968,Travel-Query
969,Travel-Query
970,Calendar-Query
971,Video-Play
972,Radio-Listen
973,Audio-Play
974,Weather-Query
975,Other
976,Radio-Listen
977,Audio-Play
978,Other
979,Other
980,FilmTele-Play
981,FilmTele-Play
982,Audio-Play
983,Other
984,Audio-Play
985,Calendar-Query
986,Weather-Query
987,Alarm-Update
988,Travel-Query
989,Weather-Query
990,Weather-Query
991,Calendar-Query
992,Other
993,Calendar-Query
994,HomeAppliance-Control
995,Music-Play
996,Other
997,FilmTele-Play
998,Travel-Query
999,Video-Play
1000,Weather-Query
1001,Calendar-Query
1002,TVProgram-Play
1003,Travel-Query
1004,Alarm-Update
1005,Travel-Query
1006,Radio-Listen
1007,TVProgram-Play
1008,Alarm-Update
1009,Alarm-Update
1010,Music-Play
1011,Calendar-Query
1012,Radio-Listen
1013,Music-Play
1014,Weather-Query
1015,TVProgram-Play
1016,Alarm-Update
1017,Music-Play
1018,Radio-Listen
1019,Video-Play
1020,Audio-Play
1021,FilmTele-Play
1022,Other
1023,Radio-Listen
1024,Other
1025,FilmTele-Play
1026,TVProgram-Play
1027,FilmTele-Play
1028,Alarm-Update
1029,Radio-Listen
1030,Music-Play
1031,Alarm-Update
1032,Audio-Play
1033,Alarm-Update
1034,Weather-Query
1035,Radio-Listen
1036,Travel-Query
1037,Audio-Play
1038,Music-Play
1039,Calendar-Query
1040,Music-Play
1041,Travel-Query
1042,Audio-Play
1043,FilmTele-Play
1044,Audio-Play
1045,Video-Play
1046,Radio-Listen
1047,Radio-Listen
1048,Weather-Query
1049,Music-Play
1050,Music-Play
1051,Audio-Play
1052,TVProgram-Play
1053,Calendar-Query
1054,FilmTele-Play
1055,Other
1056,FilmTele-Play
1057,Alarm-Update
1058,Radio-Listen
1059,FilmTele-Play
1060,HomeAppliance-Control
1061,Calendar-Query
1062,Radio-Listen
1063,Alarm-Update
1064,Alarm-Update
1065,FilmTele-Play
1066,TVProgram-Play
1067,Weather-Query
1068,Video-Play
1069,Video-Play
1070,Radio-Listen
1071,Travel-Query
1072,Radio-Listen
1073,Travel-Query
1074,Music-Play
1075,FilmTele-Play
1076,FilmTele-Play
1077,Calendar-Query
1078,Alarm-Update
1079,Other
1080,FilmTele-Play
1081,Travel-Query
1082,Alarm-Update
1083,Weather-Query
1084,Alarm-Update
1085,Weather-Query
1086,Audio-Play
1087,Weather-Query
1088,Travel-Query
1089,HomeAppliance-Control
1090,Video-Play
1091,Calendar-Query
1092,Alarm-Update
1093,Calendar-Query
1094,Music-Play
1095,Alarm-Update
1096,HomeAppliance-Control
1097,FilmTele-Play
1098,Travel-Query
1099,Calendar-Query
1100,HomeAppliance-Control
1101,Other
1102,HomeAppliance-Control
1103,Other
1104,Calendar-Query
1105,HomeAppliance-Control
1106,Travel-Query
1107,Alarm-Update
1108,HomeAppliance-Control
1109,Video-Play
1110,FilmTele-Play
1111,Video-Play
1112,Other
1113,Alarm-Update
1114,Alarm-Update
1115,Calendar-Query
1116,Calendar-Query
1117,Alarm-Update
1118,FilmTele-Play
1119,Radio-Listen
1120,HomeAppliance-Control
1121,Calendar-Query
1122,HomeAppliance-Control
1123,TVProgram-Play
1124,Alarm-Update
1125,FilmTele-Play
1126,Other
1127,HomeAppliance-Control
1128,Travel-Query
1129,Alarm-Update
1130,Travel-Query
1131,Video-Play
1132,Weather-Query
1133,Radio-Listen
1134,Radio-Listen
1135,Weather-Query
1136,Alarm-Update
1137,Music-Play
1138,Other
1139,Calendar-Query
1140,Travel-Query
1141,Audio-Play
1142,Alarm-Update
1143,Calendar-Query
1144,HomeAppliance-Control
1145,Video-Play
1146,Weather-Query
1147,FilmTele-Play
1148,FilmTele-Play
1149,FilmTele-Play
1150,Music-Play
1151,Video-Play
1152,Music-Play
1153,HomeAppliance-Control
1154,Audio-Play
1155,Audio-Play
1156,Other
1157,Weather-Query
1158,Radio-Listen
1159,Video-Play
1160,FilmTele-Play
1161,Calendar-Query
1162,Radio-Listen
1163,Radio-Listen
1164,Weather-Query
1165,HomeAppliance-Control
1166,Audio-Play
1167,FilmTele-Play
1168,Travel-Query
1169,Music-Play
1170,Audio-Play
1171,Alarm-Update
1172,FilmTele-Play
1173,Radio-Listen
1174,Radio-Listen
1175,Calendar-Query
1176,Music-Play
1177,Music-Play
1178,Travel-Query
1179,Music-Play
1180,Music-Play
1181,Other
1182,Video-Play
1183,Audio-Play
1184,Radio-Listen
1185,Music-Play
1186,HomeAppliance-Control
1187,HomeAppliance-Control
1188,Travel-Query
1189,FilmTele-Play
1190,Travel-Query
1191,Video-Play
1192,Music-Play
1193,Radio-Listen
1194,Travel-Query
1195,HomeAppliance-Control
1196,Weather-Query
1197,Radio-Listen
1198,Video-Play
1199,Alarm-Update
1200,Travel-Query
1201,Calendar-Query
1202,Radio-Listen
1203,Travel-Query
1204,FilmTele-Play
1205,Travel-Query
1206,Alarm-Update
1207,Other
1208,Music-Play
1209,Audio-Play
1210,HomeAppliance-Control
1211,Travel-Query
1212,TVProgram-Play
1213,Travel-Query
1214,HomeAppliance-Control
1215,Video-Play
1216,Radio-Listen
1217,Calendar-Query
1218,Music-Play
1219,Other
1220,Other
1221,Calendar-Query
1222,Music-Play
1223,TVProgram-Play
1224,TVProgram-Play
1225,Audio-Play
1226,Other
1227,Radio-Listen
1228,Travel-Query
1229,Other
1230,Travel-Query
1231,Travel-Query
1232,HomeAppliance-Control
1233,Music-Play
1234,Travel-Query
1235,Other
1236,FilmTele-Play
1237,FilmTele-Play
1238,HomeAppliance-Control
1239,Alarm-Update
1240,Other
1241,Other
1242,Weather-Query
1243,Weather-Query
1244,Calendar-Query
1245,Weather-Query
1246,Weather-Query
1247,Music-Play
1248,Music-Play
1249,Weather-Query
1250,Radio-Listen
1251,Calendar-Query
1252,Video-Play
1253,Travel-Query
1254,Radio-Listen
1255,Radio-Listen
1256,Weather-Query
1257,Weather-Query
1258,Weather-Query
1259,HomeAppliance-Control
1260,Video-Play
1261,Video-Play
1262,Weather-Query
1263,Other
1264,Other
1265,Other
1266,FilmTele-Play
1267,FilmTele-Play
1268,Calendar-Query
1269,Audio-Play
1270,Calendar-Query
1271,Video-Play
1272,Audio-Play
1273,Calendar-Query
1274,Travel-Query
1275,Calendar-Query
1276,Music-Play
1277,Other
1278,Music-Play
1279,HomeAppliance-Control
1280,Radio-Listen
1281,Calendar-Query
1282,Audio-Play
1283,Weather-Query
1284,Other
1285,Other
1286,Other
1287,Other
1288,Video-Play
1289,Calendar-Query
1290,Calendar-Query
1291,HomeAppliance-Control
1292,Travel-Query
1293,Other
1294,Alarm-Update
1295,Other
1296,Video-Play
1297,Music-Play
1298,Travel-Query
1299,Other
1300,Other
1301,TVProgram-Play
1302,Weather-Query
1303,Video-Play
1304,Weather-Query
1305,Video-Play
1306,TVProgram-Play
1307,Weather-Query
1308,Other
1309,Video-Play
1310,Other
1311,Calendar-Query
1312,TVProgram-Play
1313,HomeAppliance-Control
1314,TVProgram-Play
1315,Music-Play
1316,FilmTele-Play
1317,Alarm-Update
1318,Alarm-Update
1319,Alarm-Update
1320,Travel-Query
1321,Alarm-Update
1322,Travel-Query
1323,HomeAppliance-Control
1324,Travel-Query
1325,TVProgram-Play
1326,Audio-Play
1327,Radio-Listen
1328,FilmTele-Play
1329,HomeAppliance-Control
1330,Other
1331,Alarm-Update
1332,Travel-Query
1333,Weather-Query
1334,Calendar-Query
1335,Other
1336,Music-Play
1337,Alarm-Update
1338,Travel-Query
1339,FilmTele-Play
1340,Calendar-Query
1341,Calendar-Query
1342,Travel-Query
1343,FilmTele-Play
1344,Other
1345,TVProgram-Play
1346,Other
1347,Other
1348,Video-Play
1349,Other
1350,Other
1351,TVProgram-Play
1352,FilmTele-Play
1353,Video-Play
1354,Other
1355,Calendar-Query
1356,TVProgram-Play
1357,Other
1358,Calendar-Query
1359,Other
1360,Radio-Listen
1361,Other
1362,Alarm-Update
1363,Music-Play
1364,Weather-Query
1365,HomeAppliance-Control
1366,TVProgram-Play
1367,FilmTele-Play
1368,Alarm-Update
1369,Video-Play
1370,Other
1371,Other
1372,Travel-Query
1373,Weather-Query
1374,Radio-Listen
1375,Calendar-Query
1376,Other
1377,Video-Play
1378,Travel-Query
1379,FilmTele-Play
1380,Music-Play
1381,Calendar-Query
1382,TVProgram-Play
1383,TVProgram-Play
1384,Calendar-Query
1385,Radio-Listen
1386,Music-Play
1387,Calendar-Query
1388,Music-Play
1389,HomeAppliance-Control
1390,Radio-Listen
1391,Other
1392,TVProgram-Play
1393,Alarm-Update
1394,Music-Play
1395,Travel-Query
1396,Weather-Query
1397,Video-Play
1398,FilmTele-Play
1399,Music-Play
1400,Calendar-Query
1401,TVProgram-Play
1402,TVProgram-Play
1403,TVProgram-Play
1404,TVProgram-Play
1405,Video-Play
1406,FilmTele-Play
1407,FilmTele-Play
1408,Travel-Query
1409,HomeAppliance-Control
1410,Other
1411,Weather-Query
1412,Alarm-Update
1413,Calendar-Query
1414,FilmTele-Play
1415,Calendar-Query
1416,HomeAppliance-Control
1417,Alarm-Update
1418,Audio-Play
1419,Other
1420,Alarm-Update
1421,Other
1422,Radio-Listen
1423,Radio-Listen
1424,Music-Play
1425,Music-Play
1426,Audio-Play
1427,Calendar-Query
1428,Alarm-Update
1429,Weather-Query
1430,Alarm-Update
1431,Travel-Query
1432,HomeAppliance-Control
1433,FilmTele-Play
1434,Calendar-Query
1435,TVProgram-Play
1436,Audio-Play
1437,Calendar-Query
1438,Video-Play
1439,FilmTele-Play
1440,Other
1441,Weather-Query
1442,Other
1443,Radio-Listen
1444,Radio-Listen
1445,Calendar-Query
1446,FilmTele-Play
1447,Other
1448,Travel-Query
1449,Alarm-Update
1450,FilmTele-Play
1451,FilmTele-Play
1452,Other
1453,Radio-Listen
1454,Calendar-Query
1455,Calendar-Query
1456,Weather-Query
1457,Other
1458,TVProgram-Play
1459,Other
1460,Radio-Listen
1461,Video-Play
1462,HomeAppliance-Control
1463,TVProgram-Play
1464,HomeAppliance-Control
1465,Music-Play
1466,FilmTele-Play
1467,Alarm-Update
1468,Audio-Play
1469,Calendar-Query
1470,Weather-Query
1471,Music-Play
1472,Radio-Listen
1473,Calendar-Query
1474,Music-Play
1475,HomeAppliance-Control
1476,TVProgram-Play
1477,FilmTele-Play
1478,Radio-Listen
1479,Radio-Listen
1480,Travel-Query
1481,HomeAppliance-Control
1482,HomeAppliance-Control
1483,Radio-Listen
1484,FilmTele-Play
1485,TVProgram-Play
1486,Calendar-Query
1487,Alarm-Update
1488,Travel-Query
1489,Weather-Query
1490,FilmTele-Play
1491,Music-Play
1492,HomeAppliance-Control
1493,Other
1494,Calendar-Query
1495,TVProgram-Play
1496,HomeAppliance-Control
1497,Video-Play
1498,Travel-Query
1499,Music-Play
1500,Video-Play
1501,Video-Play
1502,Travel-Query
1503,Other
1504,FilmTele-Play
1505,Alarm-Update
1506,Travel-Query
1507,Travel-Query
1508,Audio-Play
1509,Video-Play
1510,TVProgram-Play
1511,FilmTele-Play
1512,Alarm-Update
1513,Other
1514,Radio-Listen
1515,TVProgram-Play
1516,Other
1517,Weather-Query
1518,FilmTele-Play
1519,Alarm-Update
1520,Calendar-Query
1521,Travel-Query
1522,Weather-Query
1523,TVProgram-Play
1524,Calendar-Query
1525,Audio-Play
1526,Music-Play
1527,TVProgram-Play
1528,Travel-Query
1529,Travel-Query
1530,Audio-Play
1531,HomeAppliance-Control
1532,FilmTele-Play
1533,FilmTele-Play
1534,FilmTele-Play
1535,TVProgram-Play
1536,Calendar-Query
1537,Calendar-Query
1538,Radio-Listen
1539,Video-Play
1540,HomeAppliance-Control
1541,FilmTele-Play
1542,Calendar-Query
1543,Audio-Play
1544,FilmTele-Play
1545,Radio-Listen
1546,TVProgram-Play
1547,Video-Play
1548,TVProgram-Play
1549,Travel-Query
1550,Music-Play
1551,Music-Play
1552,FilmTele-Play
1553,Audio-Play
1554,Other
1555,Weather-Query
1556,Travel-Query
1557,TVProgram-Play
1558,Music-Play
1559,HomeAppliance-Control
1560,Audio-Play
1561,Video-Play
1562,Radio-Listen
1563,Video-Play
1564,Other
1565,Alarm-Update
1566,Travel-Query
1567,FilmTele-Play
1568,FilmTele-Play
1569,HomeAppliance-Control
1570,HomeAppliance-Control
1571,FilmTele-Play
1572,Travel-Query
1573,Radio-Listen
1574,Audio-Play
1575,TVProgram-Play
1576,Radio-Listen
1577,Travel-Query
1578,Audio-Play
1579,Music-Play
1580,Calendar-Query
1581,FilmTele-Play
1582,Video-Play
1583,Other
1584,Other
1585,Video-Play
1586,FilmTele-Play
1587,Weather-Query
1588,Other
1589,Radio-Listen
1590,Weather-Query
1591,Radio-Listen
1592,Other
1593,Calendar-Query
1594,HomeAppliance-Control
1595,Other
1596,Alarm-Update
1597,Audio-Play
1598,Radio-Listen
1599,Audio-Play
1600,Other
1601,Travel-Query
1602,Weather-Query
1603,Calendar-Query
1604,Radio-Listen
1605,TVProgram-Play
1606,Video-Play
1607,Travel-Query
1608,TVProgram-Play
1609,Travel-Query
1610,Alarm-Update
1611,Travel-Query
1612,HomeAppliance-Control
1613,HomeAppliance-Control
1614,Travel-Query
1615,Video-Play
1616,HomeAppliance-Control
1617,Radio-Listen
1618,HomeAppliance-Control
1619,Weather-Query
1620,Alarm-Update
1621,Music-Play
1622,Radio-Listen
1623,Video-Play
1624,Radio-Listen
1625,Radio-Listen
1626,TVProgram-Play
1627,Video-Play
1628,Other
1629,Calendar-Query
1630,Alarm-Update
1631,Audio-Play
1632,HomeAppliance-Control
1633,Other
1634,Alarm-Update
1635,HomeAppliance-Control
1636,Radio-Listen
1637,Music-Play
1638,FilmTele-Play
1639,TVProgram-Play
1640,Video-Play
1641,Travel-Query
1642,Video-Play
1643,Travel-Query
1644,Audio-Play
1645,Other
1646,Radio-Listen
1647,TVProgram-Play
1648,FilmTele-Play
1649,Alarm-Update
1650,Calendar-Query
1651,Calendar-Query
1652,FilmTele-Play
1653,Video-Play
1654,Music-Play
1655,Audio-Play
1656,Radio-Listen
1657,Alarm-Update
1658,Video-Play
1659,HomeAppliance-Control
1660,FilmTele-Play
1661,Travel-Query
1662,Radio-Listen
1663,FilmTele-Play
1664,Alarm-Update
1665,Other
1666,TVProgram-Play
1667,Audio-Play
1668,Other
1669,FilmTele-Play
1670,Other
1671,Calendar-Query
1672,FilmTele-Play
1673,Weather-Query
1674,FilmTele-Play
1675,Alarm-Update
1676,Alarm-Update
1677,Travel-Query
1678,Alarm-Update
1679,Alarm-Update
1680,Calendar-Query
1681,Alarm-Update
1682,HomeAppliance-Control
1683,FilmTele-Play
1684,Radio-Listen
1685,Other
1686,FilmTele-Play
1687,Calendar-Query
1688,Video-Play
1689,Weather-Query
1690,Radio-Listen
1691,Other
1692,Radio-Listen
1693,FilmTele-Play
1694,FilmTele-Play
1695,TVProgram-Play
1696,Alarm-Update
1697,Other
1698,Travel-Query
1699,Radio-Listen
1700,Radio-Listen
1701,Other
1702,HomeAppliance-Control
1703,Calendar-Query
1704,TVProgram-Play
1705,Travel-Query
1706,Music-Play
1707,Other
1708,Alarm-Update
1709,Travel-Query
1710,Audio-Play
1711,TVProgram-Play
1712,Audio-Play
1713,Calendar-Query
1714,Video-Play
1715,Video-Play
1716,Audio-Play
1717,Other
1718,Alarm-Update
1719,Music-Play
1720,TVProgram-Play
1721,Alarm-Update
1722,Music-Play
1723,Calendar-Query
1724,Other
1725,Video-Play
1726,HomeAppliance-Control
1727,Calendar-Query
1728,Calendar-Query
1729,Radio-Listen
1730,Calendar-Query
1731,Calendar-Query
1732,Weather-Query
1733,Weather-Query
1734,Other
1735,Video-Play
1736,FilmTele-Play
1737,Video-Play
1738,TVProgram-Play
1739,Travel-Query
1740,Travel-Query
1741,Weather-Query
1742,Radio-Listen
1743,Travel-Query
1744,Calendar-Query
1745,Calendar-Query
1746,HomeAppliance-Control
1747,Other
1748,Alarm-Update
1749,Other
1750,Audio-Play
1751,Calendar-Query
1752,Music-Play
1753,Audio-Play
1754,FilmTele-Play
1755,Radio-Listen
1756,Calendar-Query
1757,Other
1758,Weather-Query
1759,Radio-Listen
1760,Video-Play
1761,Weather-Query
1762,Music-Play
1763,FilmTele-Play
1764,HomeAppliance-Control
1765,Audio-Play
1766,Calendar-Query
1767,FilmTele-Play
1768,Alarm-Update
1769,Music-Play
1770,Travel-Query
1771,Audio-Play
1772,TVProgram-Play
1773,Radio-Listen
1774,Radio-Listen
1775,Audio-Play
1776,Audio-Play
1777,Music-Play
1778,Music-Play
1779,Music-Play
1780,HomeAppliance-Control
1781,TVProgram-Play
1782,Weather-Query
1783,HomeAppliance-Control
1784,TVProgram-Play
1785,Video-Play
1786,Travel-Query
1787,Travel-Query
1788,Alarm-Update
1789,Other
1790,Radio-Listen
1791,Video-Play
1792,FilmTele-Play
1793,Music-Play
1794,Other
1795,Music-Play
1796,Other
1797,Music-Play
1798,Calendar-Query
1799,HomeAppliance-Control
1800,HomeAppliance-Control
1801,Audio-Play
1802,Alarm-Update
1803,Audio-Play
1804,Calendar-Query
1805,Audio-Play
1806,Radio-Listen
1807,Calendar-Query
1808,Other
1809,Calendar-Query
1810,TVProgram-Play
1811,HomeAppliance-Control
1812,TVProgram-Play
1813,Other
1814,Alarm-Update
1815,Video-Play
1816,Calendar-Query
1817,FilmTele-Play
1818,Other
1819,Video-Play
1820,Music-Play
1821,Other
1822,Other
1823,FilmTele-Play
1824,FilmTele-Play
1825,Music-Play
1826,Other
1827,Other
1828,Other
1829,Travel-Query
1830,Other
1831,Music-Play
1832,Travel-Query
1833,Travel-Query
1834,HomeAppliance-Control
1835,FilmTele-Play
1836,Video-Play
1837,Calendar-Query
1838,Weather-Query
1839,Radio-Listen
1840,Alarm-Update
1841,Alarm-Update
1842,Alarm-Update
1843,FilmTele-Play
1844,Calendar-Query
1845,Weather-Query
1846,Video-Play
1847,Audio-Play
1848,HomeAppliance-Control
1849,Weather-Query
1850,FilmTele-Play
1851,FilmTele-Play
1852,Travel-Query
1853,FilmTele-Play
1854,Other
1855,Travel-Query
1856,Other
1857,Calendar-Query
1858,Alarm-Update
1859,Music-Play
1860,Audio-Play
1861,Radio-Listen
1862,FilmTele-Play
1863,Other
1864,Travel-Query
1865,Radio-Listen
1866,TVProgram-Play
1867,Calendar-Query
1868,Radio-Listen
1869,Video-Play
1870,Alarm-Update
1871,Radio-Listen
1872,Radio-Listen
1873,TVProgram-Play
1874,Alarm-Update
1875,Music-Play
1876,Radio-Listen
1877,Radio-Listen
1878,Video-Play
1879,Alarm-Update
1880,Alarm-Update
1881,Other
1882,Video-Play
1883,Other
1884,Music-Play
1885,Video-Play
1886,FilmTele-Play
1887,Audio-Play
1888,Other
1889,Video-Play
1890,Audio-Play
1891,Weather-Query
1892,Other
1893,Other
1894,Audio-Play
1895,Other
1896,Audio-Play
1897,FilmTele-Play
1898,Calendar-Query
1899,Travel-Query
1900,Weather-Query
1901,Travel-Query
1902,Radio-Listen
1903,Other
1904,HomeAppliance-Control
1905,Calendar-Query
1906,Music-Play
1907,Travel-Query
1908,Calendar-Query
1909,HomeAppliance-Control
1910,Radio-Listen
1911,HomeAppliance-Control
1912,Other
1913,Radio-Listen
1914,Other
1915,Audio-Play
1916,TVProgram-Play
1917,Other
1918,Other
1919,Music-Play
1920,Radio-Listen
1921,Calendar-Query
1922,FilmTele-Play
1923,Alarm-Update
1924,Video-Play
1925,HomeAppliance-Control
1926,Other
1927,FilmTele-Play
1928,Audio-Play
1929,Other
1930,Weather-Query
1931,Calendar-Query
1932,Travel-Query
1933,Other
1934,Other
1935,Audio-Play
1936,FilmTele-Play
1937,Travel-Query
1938,Other
1939,Calendar-Query
1940,Travel-Query
1941,Weather-Query
1942,Other
1943,HomeAppliance-Control
1944,Radio-Listen
1945,TVProgram-Play
1946,Weather-Query
1947,Video-Play
1948,Travel-Query
1949,Video-Play
1950,Music-Play
1951,Radio-Listen
1952,Music-Play
1953,Audio-Play
1954,HomeAppliance-Control
1955,HomeAppliance-Control
1956,Audio-Play
1957,Music-Play
1958,Weather-Query
1959,Travel-Query
1960,Music-Play
1961,Weather-Query
1962,Alarm-Update
1963,HomeAppliance-Control
1964,Video-Play
1965,Alarm-Update
1966,Music-Play
1967,FilmTele-Play
1968,HomeAppliance-Control
1969,Travel-Query
1970,Alarm-Update
1971,FilmTele-Play
1972,Audio-Play
1973,Video-Play
1974,Video-Play
1975,Alarm-Update
1976,Calendar-Query
1977,Audio-Play
1978,Travel-Query
1979,Alarm-Update
1980,HomeAppliance-Control
1981,Calendar-Query
1982,Video-Play
1983,HomeAppliance-Control
1984,Travel-Query
1985,Video-Play
1986,Travel-Query
1987,Audio-Play
1988,Travel-Query
1989,Other
1990,TVProgram-Play
1991,Travel-Query
1992,Music-Play
1993,Video-Play
1994,Music-Play
1995,Travel-Query
1996,Radio-Listen
1997,TVProgram-Play
1998,Weather-Query
1999,Other
2000,Travel-Query
2001,TVProgram-Play
2002,Calendar-Query
2003,Weather-Query
2004,Calendar-Query
2005,HomeAppliance-Control
2006,Video-Play
2007,Weather-Query
2008,Calendar-Query
2009,Video-Play
2010,Video-Play
2011,Weather-Query
2012,Weather-Query
2013,Alarm-Update
2014,HomeAppliance-Control
2015,Radio-Listen
2016,Video-Play
2017,FilmTele-Play
2018,Alarm-Update
2019,FilmTele-Play
2020,TVProgram-Play
2021,Radio-Listen
2022,TVProgram-Play
2023,HomeAppliance-Control
2024,Weather-Query
2025,Music-Play
2026,Weather-Query
2027,FilmTele-Play
2028,Video-Play
2029,FilmTele-Play
2030,Weather-Query
2031,Radio-Listen
2032,Travel-Query
2033,Other
2034,FilmTele-Play
2035,TVProgram-Play
2036,Music-Play
2037,Alarm-Update
2038,Calendar-Query
2039,HomeAppliance-Control
2040,Other
2041,Other
2042,Calendar-Query
2043,Alarm-Update
2044,Calendar-Query
2045,Calendar-Query
2046,Travel-Query
2047,HomeAppliance-Control
2048,Video-Play
2049,FilmTele-Play
2050,FilmTele-Play
2051,Other
2052,Music-Play
2053,HomeAppliance-Control
2054,Other
2055,HomeAppliance-Control
2056,Calendar-Query
2057,Other
2058,Music-Play
2059,Radio-Listen
2060,TVProgram-Play
2061,HomeAppliance-Control
2062,TVProgram-Play
2063,Weather-Query
2064,Travel-Query
2065,TVProgram-Play
2066,Travel-Query
2067,Other
2068,Video-Play
2069,Alarm-Update
2070,HomeAppliance-Control
2071,Music-Play
2072,TVProgram-Play
2073,Audio-Play
2074,Music-Play
2075,FilmTele-Play
2076,Calendar-Query
2077,HomeAppliance-Control
2078,Calendar-Query
2079,Video-Play
2080,Other
2081,Calendar-Query
2082,Music-Play
2083,Alarm-Update
2084,Video-Play
2085,Travel-Query
2086,FilmTele-Play
2087,Radio-Listen
2088,Alarm-Update
2089,Music-Play
2090,Alarm-Update
2091,Calendar-Query
2092,Audio-Play
2093,Weather-Query
2094,Travel-Query
2095,Music-Play
2096,Radio-Listen
2097,Calendar-Query
2098,Audio-Play
2099,Radio-Listen
2100,Alarm-Update
2101,Music-Play
2102,HomeAppliance-Control
2103,Video-Play
2104,Radio-Listen
2105,Alarm-Update
2106,TVProgram-Play
2107,Radio-Listen
2108,FilmTele-Play
2109,Audio-Play
2110,Weather-Query
2111,Other
2112,FilmTele-Play
2113,Weather-Query
2114,Audio-Play
2115,Calendar-Query
2116,Travel-Query
2117,Calendar-Query
2118,Audio-Play
2119,Audio-Play
2120,HomeAppliance-Control
2121,FilmTele-Play
2122,Audio-Play
2123,TVProgram-Play
2124,FilmTele-Play
2125,Music-Play
2126,Other
2127,Alarm-Update
2128,Audio-Play
2129,Calendar-Query
2130,Music-Play
2131,Calendar-Query
2132,Travel-Query
2133,Audio-Play
2134,Alarm-Update
2135,Audio-Play
2136,Audio-Play
2137,Travel-Query
2138,Music-Play
2139,Other
2140,Music-Play
2141,Radio-Listen
2142,Video-Play
2143,Alarm-Update
2144,Other
2145,Alarm-Update
2146,Calendar-Query
2147,Travel-Query
2148,Weather-Query
2149,FilmTele-Play
2150,FilmTele-Play
2151,Calendar-Query
2152,Calendar-Query
2153,Music-Play
2154,Video-Play
2155,Video-Play
2156,Other
2157,Audio-Play
2158,Calendar-Query
2159,Other
2160,Travel-Query
2161,HomeAppliance-Control
2162,Calendar-Query
2163,Other
2164,Video-Play
2165,Radio-Listen
2166,Audio-Play
2167,Weather-Query
2168,Travel-Query
2169,Radio-Listen
2170,Radio-Listen
2171,Weather-Query
2172,TVProgram-Play
2173,Calendar-Query
2174,Video-Play
2175,Weather-Query
2176,Travel-Query
2177,Other
2178,Music-Play
2179,Other
2180,Video-Play
2181,HomeAppliance-Control
2182,Video-Play
2183,Travel-Query
2184,Weather-Query
2185,Music-Play
2186,Other
2187,Video-Play
2188,TVProgram-Play
2189,Video-Play
2190,Alarm-Update
2191,Calendar-Query
2192,Travel-Query
2193,Radio-Listen
2194,Calendar-Query
2195,Audio-Play
2196,TVProgram-Play
2197,Travel-Query
2198,HomeAppliance-Control
2199,Other
2200,Video-Play
2201,FilmTele-Play
2202,Video-Play
2203,FilmTele-Play
2204,Weather-Query
2205,Travel-Query
2206,Audio-Play
2207,Travel-Query
2208,Alarm-Update
2209,Radio-Listen
2210,Music-Play
2211,Travel-Query
2212,TVProgram-Play
2213,Travel-Query
2214,Alarm-Update
2215,Other
2216,FilmTele-Play
2217,TVProgram-Play
2218,Video-Play
2219,Weather-Query
2220,Video-Play
2221,Video-Play
2222,Travel-Query
2223,Travel-Query
2224,Video-Play
2225,Video-Play
2226,HomeAppliance-Control
2227,Alarm-Update
2228,TVProgram-Play
2229,TVProgram-Play
2230,Calendar-Query
2231,Audio-Play
2232,Music-Play
2233,Alarm-Update
2234,Travel-Query
2235,Music-Play
2236,Other
2237,Music-Play
2238,TVProgram-Play
2239,Travel-Query
2240,FilmTele-Play
2241,Other
2242,Alarm-Update
2243,Other
2244,Audio-Play
2245,Travel-Query
2246,Radio-Listen
2247,HomeAppliance-Control
2248,Audio-Play
2249,Other
2250,Travel-Query
2251,Radio-Listen
2252,Alarm-Update
2253,HomeAppliance-Control
2254,Other
2255,Video-Play
2256,Travel-Query
2257,Calendar-Query
2258,Audio-Play
2259,Music-Play
2260,HomeAppliance-Control
2261,Video-Play
2262,Video-Play
2263,FilmTele-Play
2264,TVProgram-Play
2265,Music-Play
2266,Radio-Listen
2267,HomeAppliance-Control
2268,Audio-Play
2269,Calendar-Query
2270,Other
2271,Video-Play
2272,Music-Play
2273,Radio-Listen
2274,HomeAppliance-Control
2275,FilmTele-Play
2276,Other
2277,Calendar-Query
2278,TVProgram-Play
2279,Music-Play
2280,FilmTele-Play
2281,Calendar-Query
2282,FilmTele-Play
2283,Alarm-Update
2284,Alarm-Update
2285,Video-Play
2286,Music-Play
2287,FilmTele-Play
2288,Radio-Listen
2289,Video-Play
2290,Calendar-Query
2291,Other
2292,Calendar-Query
2293,HomeAppliance-Control
2294,FilmTele-Play
2295,FilmTele-Play
2296,Weather-Query
2297,Other
2298,Calendar-Query
2299,TVProgram-Play
2300,Music-Play
2301,FilmTele-Play
2302,Music-Play
2303,Travel-Query
2304,Weather-Query
2305,TVProgram-Play
2306,FilmTele-Play
2307,Other
2308,Radio-Listen
2309,Audio-Play
2310,Weather-Query
2311,Video-Play
2312,Music-Play
2313,FilmTele-Play
2314,FilmTele-Play
2315,Weather-Query
2316,Other
2317,Music-Play
2318,FilmTele-Play
2319,HomeAppliance-Control
2320,Alarm-Update
2321,Video-Play
2322,FilmTele-Play
2323,Audio-Play
2324,Video-Play
2325,Travel-Query
2326,Travel-Query
2327,Music-Play
2328,Other
2329,Music-Play
2330,Audio-Play
2331,Travel-Query
2332,Travel-Query
2333,Music-Play
2334,FilmTele-Play
2335,Radio-Listen
2336,Travel-Query
2337,Video-Play
2338,TVProgram-Play
2339,Audio-Play
2340,Travel-Query
2341,TVProgram-Play
2342,Audio-Play
2343,Other
2344,Calendar-Query
2345,Calendar-Query
2346,Calendar-Query
2347,FilmTele-Play
2348,Audio-Play
2349,Alarm-Update
2350,Weather-Query
2351,Calendar-Query
2352,Other
2353,HomeAppliance-Control
2354,Weather-Query
2355,Audio-Play
2356,Calendar-Query
2357,Alarm-Update
2358,HomeAppliance-Control
2359,TVProgram-Play
2360,Radio-Listen
2361,Calendar-Query
2362,Video-Play
2363,Music-Play
2364,Other
2365,Other
2366,TVProgram-Play
2367,Travel-Query
2368,Video-Play
2369,Radio-Listen
2370,Other
2371,Radio-Listen
2372,Other
2373,Audio-Play
2374,Calendar-Query
2375,Music-Play
2376,Video-Play
2377,Music-Play
2378,Radio-Listen
2379,FilmTele-Play
2380,TVProgram-Play
2381,Alarm-Update
2382,HomeAppliance-Control
2383,Weather-Query
2384,Travel-Query
2385,Other
2386,TVProgram-Play
2387,Alarm-Update
2388,TVProgram-Play
2389,Alarm-Update
2390,Audio-Play
2391,Other
2392,Weather-Query
2393,Music-Play
2394,Video-Play
2395,TVProgram-Play
2396,Video-Play
2397,Weather-Query
2398,Music-Play
2399,Alarm-Update
2400,Other
2401,TVProgram-Play
2402,Music-Play
2403,FilmTele-Play
2404,Video-Play
2405,HomeAppliance-Control
2406,Other
2407,Calendar-Query
2408,FilmTele-Play
2409,Weather-Query
2410,TVProgram-Play
2411,Alarm-Update
2412,Other
2413,Other
2414,Music-Play
2415,Calendar-Query
2416,Other
2417,TVProgram-Play
2418,Travel-Query
2419,Other
2420,Radio-Listen
2421,Travel-Query
2422,Other
2423,Audio-Play
2424,Radio-Listen
2425,Other
2426,Weather-Query
2427,Radio-Listen
2428,Calendar-Query
2429,HomeAppliance-Control
2430,Calendar-Query
2431,HomeAppliance-Control
2432,Calendar-Query
2433,Music-Play
2434,Alarm-Update
2435,TVProgram-Play
2436,Alarm-Update
2437,FilmTele-Play
2438,Other
2439,Travel-Query
2440,HomeAppliance-Control
2441,HomeAppliance-Control
2442,Travel-Query
2443,Other
2444,Other
2445,HomeAppliance-Control
2446,Video-Play
2447,Travel-Query
2448,Other
2449,Alarm-Update
2450,Alarm-Update
2451,Music-Play
2452,Video-Play
2453,Travel-Query
2454,HomeAppliance-Control
2455,Weather-Query
2456,Calendar-Query
2457,Other
2458,FilmTele-Play
2459,Video-Play
2460,Weather-Query
2461,FilmTele-Play
2462,Video-Play
2463,FilmTele-Play
2464,Video-Play
2465,Radio-Listen
2466,Calendar-Query
2467,Weather-Query
2468,Calendar-Query
2469,Other
2470,Video-Play
2471,Radio-Listen
2472,Music-Play
2473,Video-Play
2474,Travel-Query
2475,Alarm-Update
2476,Calendar-Query
2477,Music-Play
2478,Other
2479,Video-Play
2480,FilmTele-Play
2481,Travel-Query
2482,Radio-Listen
2483,Audio-Play
2484,Travel-Query
2485,Audio-Play
2486,Music-Play
2487,Video-Play
2488,Video-Play
2489,FilmTele-Play
2490,Video-Play
2491,Music-Play
2492,Audio-Play
2493,Calendar-Query
2494,Calendar-Query
2495,Alarm-Update
2496,Radio-Listen
2497,Calendar-Query
2498,Alarm-Update
2499,Calendar-Query
2500,Travel-Query
2501,Other
2502,TVProgram-Play
2503,Music-Play
2504,FilmTele-Play
2505,FilmTele-Play
2506,Audio-Play
2507,Video-Play
2508,Radio-Listen
2509,Other
2510,FilmTele-Play
2511,FilmTele-Play
2512,Audio-Play
2513,TVProgram-Play
2514,Calendar-Query
2515,Music-Play
2516,Music-Play
2517,Video-Play
2518,Weather-Query
2519,TVProgram-Play
2520,Video-Play
2521,Weather-Query
2522,Radio-Listen
2523,FilmTele-Play
2524,Other
2525,HomeAppliance-Control
2526,HomeAppliance-Control
2527,Music-Play
2528,HomeAppliance-Control
2529,Music-Play
2530,Other
2531,Alarm-Update
2532,TVProgram-Play
2533,Music-Play
2534,TVProgram-Play
2535,Calendar-Query
2536,Other
2537,Other
2538,FilmTele-Play
2539,Other
2540,Calendar-Query
2541,Audio-Play
2542,Radio-Listen
2543,HomeAppliance-Control
2544,Video-Play
2545,Travel-Query
2546,Audio-Play
2547,FilmTele-Play
2548,Other
2549,HomeAppliance-Control
2550,Weather-Query
2551,Weather-Query
2552,Alarm-Update
2553,TVProgram-Play
2554,Music-Play
2555,TVProgram-Play
2556,FilmTele-Play
2557,Other
2558,Calendar-Query
2559,Video-Play
2560,Music-Play
2561,Other
2562,Other
2563,Travel-Query
2564,Weather-Query
2565,HomeAppliance-Control
2566,Radio-Listen
2567,TVProgram-Play
2568,Travel-Query
2569,Other
2570,TVProgram-Play
2571,Travel-Query
2572,Calendar-Query
2573,Calendar-Query
2574,Other
2575,Video-Play
2576,TVProgram-Play
2577,FilmTele-Play
2578,Video-Play
2579,Radio-Listen
2580,Video-Play
2581,Music-Play
2582,Video-Play
2583,Radio-Listen
2584,Video-Play
2585,Weather-Query
2586,Music-Play
2587,Alarm-Update
2588,Travel-Query
2589,HomeAppliance-Control
2590,FilmTele-Play
2591,Calendar-Query
2592,TVProgram-Play
2593,Video-Play
2594,Audio-Play
2595,Other
2596,FilmTele-Play
2597,Other
2598,Radio-Listen
2599,Calendar-Query
2600,Calendar-Query
2601,Music-Play
2602,Radio-Listen
2603,Travel-Query
2604,Weather-Query
2605,Video-Play
2606,Travel-Query
2607,HomeAppliance-Control
2608,Video-Play
2609,Alarm-Update
2610,FilmTele-Play
2611,Other
2612,Music-Play
2613,FilmTele-Play
2614,FilmTele-Play
2615,Radio-Listen
2616,FilmTele-Play
2617,Calendar-Query
2618,FilmTele-Play
2619,Other
2620,Alarm-Update
2621,Alarm-Update
2622,Other
2623,Video-Play
2624,Other
2625,TVProgram-Play
2626,Calendar-Query
2627,Video-Play
2628,FilmTele-Play
2629,FilmTele-Play
2630,Travel-Query
2631,Audio-Play
2632,Alarm-Update
2633,Music-Play
2634,Calendar-Query
2635,Alarm-Update
2636,Video-Play
2637,Other
2638,HomeAppliance-Control
2639,FilmTele-Play
2640,Calendar-Query
2641,Music-Play
2642,Video-Play
2643,FilmTele-Play
2644,FilmTele-Play
2645,Radio-Listen
2646,FilmTele-Play
2647,Audio-Play
2648,Travel-Query
2649,Alarm-Update
2650,HomeAppliance-Control
2651,Radio-Listen
2652,Music-Play
2653,Weather-Query
2654,Alarm-Update
2655,Calendar-Query
2656,Travel-Query
2657,Alarm-Update
2658,Weather-Query
2659,Other
2660,HomeAppliance-Control
2661,TVProgram-Play
2662,Other
2663,Audio-Play
2664,Audio-Play
2665,Weather-Query
2666,Weather-Query
2667,HomeAppliance-Control
2668,FilmTele-Play
2669,FilmTele-Play
2670,Video-Play
2671,Radio-Listen
2672,Alarm-Update
2673,Travel-Query
2674,Weather-Query
2675,Video-Play
2676,FilmTele-Play
2677,TVProgram-Play
2678,Calendar-Query
2679,Calendar-Query
2680,Radio-Listen
2681,Alarm-Update
2682,Calendar-Query
2683,Music-Play
2684,Weather-Query
2685,Alarm-Update
2686,TVProgram-Play
2687,FilmTele-Play
2688,Calendar-Query
2689,Radio-Listen
2690,Music-Play
2691,Weather-Query
2692,Calendar-Query
2693,Calendar-Query
2694,Weather-Query
2695,Travel-Query
2696,HomeAppliance-Control
2697,Alarm-Update
2698,FilmTele-Play
2699,TVProgram-Play
2700,Audio-Play
2701,Music-Play
2702,Alarm-Update
2703,Calendar-Query
2704,Travel-Query
2705,Other
2706,Video-Play
2707,Music-Play
2708,FilmTele-Play
2709,FilmTele-Play
2710,Music-Play
2711,Music-Play
2712,Weather-Query
2713,Radio-Listen
2714,Calendar-Query
2715,HomeAppliance-Control
2716,Audio-Play
2717,Travel-Query
2718,FilmTele-Play
2719,FilmTele-Play
2720,Travel-Query
2721,Audio-Play
2722,Other
2723,Radio-Listen
2724,Music-Play
2725,Travel-Query
2726,Calendar-Query
2727,TVProgram-Play
2728,TVProgram-Play
2729,FilmTele-Play
2730,HomeAppliance-Control
2731,Music-Play
2732,Music-Play
2733,FilmTele-Play
2734,Music-Play
2735,Video-Play
2736,Audio-Play
2737,Alarm-Update
2738,Other
2739,Audio-Play
2740,Other
2741,FilmTele-Play
2742,Travel-Query
2743,Other
2744,Other
2745,Other
2746,Radio-Listen
2747,Music-Play
2748,Video-Play
2749,Audio-Play
2750,HomeAppliance-Control
2751,HomeAppliance-Control
2752,TVProgram-Play
2753,Weather-Query
2754,Weather-Query
2755,Radio-Listen
2756,FilmTele-Play
2757,Music-Play
2758,TVProgram-Play
2759,Radio-Listen
2760,Alarm-Update
2761,FilmTele-Play
2762,Calendar-Query
2763,Video-Play
2764,Calendar-Query
2765,Weather-Query
2766,Other
2767,FilmTele-Play
2768,TVProgram-Play
2769,Video-Play
2770,Travel-Query
2771,Video-Play
2772,Travel-Query
2773,Alarm-Update
2774,Radio-Listen
2775,Weather-Query
2776,Video-Play
2777,TVProgram-Play
2778,Other
2779,Music-Play
2780,Weather-Query
2781,Travel-Query
2782,Weather-Query
2783,Audio-Play
2784,Radio-Listen
2785,Audio-Play
2786,Other
2787,Other
2788,Other
2789,Music-Play
2790,Video-Play
2791,Other
2792,Audio-Play
2793,Other
2794,Music-Play
2795,Alarm-Update
2796,TVProgram-Play
2797,FilmTele-Play
2798,Alarm-Update
2799,Calendar-Query
2800,Calendar-Query
2801,TVProgram-Play
2802,Travel-Query
2803,Other
2804,Calendar-Query
2805,Video-Play
2806,Video-Play
2807,Video-Play
2808,Audio-Play
2809,Radio-Listen
2810,Audio-Play
2811,Weather-Query
2812,Weather-Query
2813,Alarm-Update
2814,Audio-Play
2815,Video-Play
2816,Other
2817,Video-Play
2818,HomeAppliance-Control
2819,Video-Play
2820,HomeAppliance-Control
2821,Weather-Query
2822,Radio-Listen
2823,Weather-Query
2824,Music-Play
2825,Weather-Query
2826,FilmTele-Play
2827,Weather-Query
2828,Calendar-Query
2829,Alarm-Update
2830,Video-Play
2831,Alarm-Update
2832,Music-Play
2833,FilmTele-Play
2834,HomeAppliance-Control
2835,Travel-Query
2836,FilmTele-Play
2837,Radio-Listen
2838,Other
2839,Calendar-Query
2840,Other
2841,TVProgram-Play
2842,FilmTele-Play
2843,FilmTele-Play
2844,Music-Play
2845,Other
2846,Weather-Query
2847,Weather-Query
2848,Weather-Query
2849,Music-Play
2850,Audio-Play
2851,Video-Play
2852,Calendar-Query
2853,Alarm-Update
2854,Calendar-Query
2855,Other
2856,Other
2857,Calendar-Query
2858,Audio-Play
2859,Other
2860,Radio-Listen
2861,TVProgram-Play
2862,Other
2863,Alarm-Update
2864,Calendar-Query
2865,Radio-Listen
2866,Video-Play
2867,Video-Play
2868,Calendar-Query
2869,Calendar-Query
2870,Music-Play
2871,Travel-Query
2872,FilmTele-Play
2873,Alarm-Update
2874,FilmTele-Play
2875,Other
2876,Radio-Listen
2877,HomeAppliance-Control
2878,TVProgram-Play
2879,Travel-Query
2880,Radio-Listen
2881,Music-Play
2882,TVProgram-Play
2883,Travel-Query
2884,Music-Play
2885,Other
2886,FilmTele-Play
2887,Video-Play
2888,Travel-Query
2889,Video-Play
2890,Calendar-Query
2891,Music-Play
2892,Radio-Listen
2893,Audio-Play
2894,HomeAppliance-Control
2895,Travel-Query
2896,Radio-Listen
2897,TVProgram-Play
2898,FilmTele-Play
2899,Video-Play
2900,Video-Play
2901,Radio-Listen
2902,Radio-Listen
2903,Travel-Query
2904,HomeAppliance-Control
2905,Alarm-Update
2906,Travel-Query
2907,Travel-Query
2908,Music-Play
2909,HomeAppliance-Control
2910,Radio-Listen
2911,Calendar-Query
2912,Weather-Query
2913,Alarm-Update
2914,Alarm-Update
2915,FilmTele-Play
2916,FilmTele-Play
2917,HomeAppliance-Control
2918,Other
2919,Travel-Query
2920,HomeAppliance-Control
2921,Radio-Listen
2922,FilmTele-Play
2923,Radio-Listen
2924,Travel-Query
2925,HomeAppliance-Control
2926,Weather-Query
2927,Video-Play
2928,Radio-Listen
2929,FilmTele-Play
2930,FilmTele-Play
2931,Audio-Play
2932,Radio-Listen
2933,Alarm-Update
2934,Weather-Query
2935,Other
2936,TVProgram-Play
2937,Calendar-Query
2938,HomeAppliance-Control
2939,Weather-Query
2940,TVProgram-Play
2941,Video-Play
2942,Music-Play
2943,Calendar-Query
2944,Music-Play
2945,Alarm-Update
2946,Travel-Query
2947,HomeAppliance-Control
2948,Other
2949,Weather-Query
2950,Weather-Query
2951,Video-Play
2952,HomeAppliance-Control
2953,FilmTele-Play
2954,FilmTele-Play
2955,FilmTele-Play
2956,Music-Play
2957,Weather-Query
2958,Weather-Query
2959,Travel-Query
2960,Weather-Query
2961,Video-Play
2962,FilmTele-Play
2963,Radio-Listen
2964,Calendar-Query
2965,Radio-Listen
2966,Video-Play
2967,Music-Play
2968,Video-Play
2969,TVProgram-Play
2970,Music-Play
2971,TVProgram-Play
2972,Video-Play
2973,Alarm-Update
2974,Video-Play
2975,Video-Play
2976,Other
2977,FilmTele-Play
2978,Audio-Play
2979,FilmTele-Play
2980,Other
2981,Travel-Query
2982,TVProgram-Play
2983,Audio-Play
2984,FilmTele-Play
2985,Other
2986,Other
2987,Other
2988,Radio-Listen
2989,Travel-Query
2990,Radio-Listen
2991,Other
2992,Music-Play
2993,Audio-Play
2994,Alarm-Update
2995,Alarm-Update
2996,Music-Play
2997,TVProgram-Play
2998,Music-Play
2999,Video-Play
3000,Weather-Query
